Observed Value of ChemAHNet,Predicted Value of ChemAHNet,Observed Value of ChemAHNet-No MoIM,Predicted Value of ChemAHNet-No MoIM,Observed Value of ChemAHNet-No RCIM,Predicted Value of ChemAHNet-No RCIM,Observed Value of ChemAHNet-No MIM,Predicted Value of ChemAHNet-No MIM
-1.3,-0.14330149,-1.3,1.699697,-1.3,0.5176921,-1.3,0.0723362
1.1499996,0.7430787,1.1499996,0.6619177,1.1499996,0.9102249,1.1499996,1.1698704
2.7200003,1.9893374,2.7200003,1.308053,2.7200003,1.2489176,2.7200003,0.40563393
-2.72,-2.4858346,-2.72,-2.6668882,-2.72,-2.5511556,-2.72,-0.9272826
1.3400002,0.82159615,1.3400002,0.92747927,1.3400002,0.70469904,1.3400002,0.013834
2.06,1.5429711,2.06,0.40513802,2.06,0.2445569,2.06,1.1362247
0,3.2990565,0,3.0436778,0,3.3702607,0,1.9816227
2.48,2.1095667,2.48,2.0077982,2.48,0.97337055,2.48,-0.020772934
-1.6299999,-2.8180866,-1.6299999,-2.4580882,-1.6299999,-0.67108274,-1.6299999,0.8089695
2.7200003,-2.0174174,2.7200003,-2.2250402,2.7200003,-2.5300035,2.7200003,-0.91684556
1.8800001,2.106411,1.8800001,2.084281,1.8800001,2.2064486,1.8800001,0.9381962
-0.46000004,-0.8117595,-0.46000004,-1.377964,-0.46000004,-0.73837495,-0.46000004,-1.173651
-2.48,-2.3118126,-2.48,-1.7054775,-2.48,-2.5217881,-2.48,-1.3725035
4.5,-2.74159,4.5,-2.4570312,4.5,-1.3267274,4.5,-1.603903
-0.19000006,-0.050604343,-0.19000006,-0.2419281,-0.19000006,-0.107405186,-0.19000006,-0.1204052
-1.53,-0.65146995,-1.53,0.9820075,-1.53,1.7206726,-1.53,0.4663334
2.27,-0.7614186,2.27,-0.35721588,2.27,-0.86656857,2.27,0.33504677
-2.52,-0.45340014,-2.52,0.95232296,-2.52,1.8062029,-2.52,0.6146488
-2.72,-2.004929,-2.72,-2.4694498,-2.72,-2.7418203,-2.72,-1.6095335
3.1,1.450944,3.1,1.08672,3.1,-0.7108202,3.1,0.29982185
1.8800001,1.8396101,1.8800001,1.1072431,1.8800001,1.7307801,1.8800001,0.5531254
2.2400002,2.022161,2.2400002,1.8832617,2.2400002,2.4503107,2.2400002,1.4390354
-1.74,-0.6085944,-1.74,-1.633997,-1.74,-0.20736742,-1.74,-0.07426262
-2.23,-1.9359934,-2.23,-1.6914744,-2.23,1.7024169,-2.23,-0.76516557
1.5,0.94532585,1.5,0.6963005,1.5,1.5672393,1.5,0.006830216
-1.5799999,-0.9459121,-1.5799999,-0.7829511,-1.5799999,-0.35876226,-1.5799999,0.9952564
-2.87,-2.4336228,-2.87,-2.1024256,-2.87,-2.87847,-2.87,-1.4430907
0.97999954,-0.1369667,0.97999954,0.49467802,0.97999954,2.0740418,0.97999954,-0.32502556
-0.09000015,2.1428962,-0.09000015,2.927238,-0.09000015,1.9185209,-0.09000015,0.06546974
2.02,-1.0724311,2.02,-2.0447178,2.02,-1.8334413,2.02,0.20018959
-3.85,-3.7106745,-3.85,-2.847342,-3.85,-1.3796091,-3.85,-0.5541594
-3.71,-3.5136552,-3.71,-3.1921337,-3.71,-3.9627144,-3.71,-0.9518645
-0.72,-2.0440295,-0.72,-2.0503206,-0.72,-2.2177944,-0.72,0.38681984
1.0700002,1.3952141,1.0700002,1.8045292,1.0700002,1.2891846,1.0700002,0.72245216
0.28999996,0.41996765,0.28999996,-0.34599638,0.28999996,0.6813202,0.28999996,-0.61389756
2.17,1.0280957,2.17,-0.42792654,2.17,0.067219734,2.17,-0.21351433
3.13,2.8229942,3.13,3.0757585,3.13,3.2146788,3.13,0.81370735
1.0299997,1.8953853,1.0299997,0.38350487,1.0299997,-1.0075691,1.0299997,0.9127903
1.6700001,1.9657426,1.6700001,1.4863305,1.6700001,1.0919065,1.6700001,1.0083027
-0.8599999,-1.6905749,-0.8599999,-1.7247374,-0.8599999,-2.1654456,-0.8599999,0.38112068
-1.1299999,-1.3760633,-1.1299999,-0.38750744,-1.1299999,-1.1975334,-1.1299999,-0.49627495
-1.95,1.6785359,-1.95,2.3782153,-1.95,1.2868295,-1.95,0.20815468
-1.53,-2.432928,-1.53,-1.9966602,-1.53,-2.0397034,-1.53,-0.5591719
-2.48,-2.4647653,-2.48,-0.9923618,-2.48,-0.85693145,-2.48,-0.07227135
1.96,-1.1410995,1.96,-2.1975074,1.96,-1.7991443,1.96,0.7864475
-0.42999983,0.41957426,-0.42999983,1.7961307,-0.42999983,1.875607,-0.42999983,0.7746372
-0.70000005,-1.2433963,-0.70000005,-1.6613164,-0.70000005,-1.2809792,-0.70000005,-0.113882065
3.27,3.0772743,3.27,2.6466393,3.27,2.6638737,3.27,1.7771397
-2.48,-2.0084312,-2.48,-1.8848631,-2.48,-0.93546605,-2.48,-0.34033775
-1.46,1.1257896,-1.46,0.2563343,-1.46,0.6133237,-1.46,0.9464359
2.13,2.0342994,2.13,1.9066019,2.13,2.3335981,2.13,1.4888859
0.8200002,1.0251107,0.8200002,0.74673843,0.8200002,1.1855936,0.8200002,0.47457314
2.06,2.6218681,2.06,2.2145271,2.06,2.3291035,2.06,1.1735783
-2.5700002,-2.5366373,-2.5700002,-2.4543943,-2.5700002,-2.1612182,-2.5700002,-1.3403685
3.13,2.3375168,3.13,2.5305853,3.13,2.2236328,3.13,-0.9008467
-4.42,-3.6325097,-4.42,-2.6034207,-4.42,2.036909,-4.42,-1.1678832
1.4100003,0.4673071,1.4100003,1.6380529,1.4100003,2.0378885,1.4100003,1.2442341
2,2.3709512,2,2.1686897,2,2.0469775,2,1.7645054
-0.3499999,0.042477608,-0.3499999,-0.5911069,-0.3499999,-0.5228791,-0.3499999,0.8717289
-3.13,-3.088685,-3.13,-2.3263276,-3.13,-2.4329154,-3.13,0.19366646
-1.53,-0.7855723,-1.53,-1.5555007,-1.53,-0.75224376,-1.53,0.19730568
1.7399998,1.7241812,1.7399998,1.9798841,1.7399998,1.8008661,1.7399998,1.6488743
2.6,2.9157238,2.6,2.4075694,2.6,2.6929336,2.6,1.4586735
-0.6400001,0.6017628,-0.6400001,-0.6385958,-0.6400001,0.49278402,-0.6400001,0.6005039
0.87000036,0.2642169,0.87000036,-0.40885067,0.87000036,-1.1826859,0.87000036,-0.5553267
4.09,3.9092207,4.09,3.4584742,4.09,3.8976297,4.09,0.47471046
4.5,4.5116796,4.5,4.5207405,4.5,4.190111,4.5,0.3297596
2.48,1.7968521,2.48,0.60166836,2.48,0.6535349,2.48,-0.5305388
-1.8800001,-2.1921077,-1.8800001,-2.047913,-1.8800001,-1.6901805,-1.8800001,0.29089546
1.8800001,-0.22368288,1.8800001,-0.085679054,1.8800001,-1.6603396,1.8800001,-0.8126128
0.34000015,-0.52537656,0.34000015,-0.75085616,0.34000015,-0.7615044,0.34000015,-0.12830162
-1.49,-1.7012038,-1.49,-1.62344,-1.49,-1.5657985,-1.49,-1.8300841
-0.94000006,-1.2937264,-0.94000006,-1.3785274,-0.94000006,-2.2960618,-0.94000006,-1.1010039
-0.42999983,-1.4445267,-0.42999983,-1.4165783,-0.42999983,-1.630054,-0.42999983,-1.7997344
2.02,1.3926497,2.02,1.4762578,2.02,1.4079757,2.02,0.4905033
2.48,1.1240783,2.48,2.4245372,2.48,1.4904146,2.48,0.25882912
-1.2900002,-0.7163124,-1.2900002,-0.49054432,-1.2900002,0.7559233,-1.2900002,0.091630936
-1.6299999,-1.8322623,-1.6299999,-0.012421131,-1.6299999,-0.6923914,-1.6299999,0.30758095
2.48,1.7422938,2.48,2.237094,2.48,1.1228147,2.48,0.69093513
-1.74,0.8351407,-1.74,0.35193443,-1.74,-1.9486339,-1.74,0.03209877
2.7200003,2.808446,2.7200003,1.7247686,2.7200003,-1.1954794,2.7200003,-0.00607872
3.8500004,3.8067083,3.8500004,2.9738169,3.8500004,3.6902294,3.8500004,-0.09190941
-1.24,-1.6764715,-1.24,-1.0749111,-1.24,-0.71310496,-1.24,-0.84715104
2.6400003,2.3627338,2.6400003,2.4127922,2.6400003,2.2952495,2.6400003,-0.14807701
2.1499996,1.647397,2.1499996,1.961698,2.1499996,0.8606982,2.1499996,0.66999245
2.4499998,2.1816587,2.4499998,1.0010095,2.4499998,0.79227066,2.4499998,0.2989292
-1.1500001,-0.54262257,-1.1500001,-1.0858502,-1.1500001,0.13708162,-1.1500001,0.49118996
-1.74,-1.4536011,-1.74,-1.7017815,-1.74,-1.4520967,-1.74,0.28176308
-1.1700001,-0.62917805,-1.1700001,-1.8185649,-1.1700001,-1.3766084,-1.1700001,0.8264103
2.6,-0.48980093,2.6,-1.6710157,2.6,-1.4245341,2.6,-1.3385832
1.6100001,-0.0346694,1.6100001,-2.1156447,1.6100001,-2.0636425,1.6100001,-1.2392943
1.1300001,1.0641785,1.1300001,1.6613574,1.1300001,1.3653045,1.1300001,1.0425663
1.96,1.4789886,1.96,0.61995316,1.96,0.71020603,1.96,0.29673195
1.4000001,0.39249182,1.4000001,0.672019,1.4000001,0.7962718,1.4000001,0.87887
-3.13,-3.0722823,-3.13,-2.1132467,-3.13,-2.036629,-3.13,0.14058876
0.13000011,-0.21756077,0.13000011,-0.06695223,0.13000011,-0.19730616,0.13000011,0.35949135
1.3699999,1.2274504,1.3699999,1.5640235,1.3699999,1.8956895,1.3699999,0.3452778
1.96,1.4786353,1.96,1.2213507,1.96,2.0647807,1.96,-0.7994292
-1.8800001,-1.9182472,-1.8800001,-1.2605608,-1.8800001,-1.4016716,-1.8800001,0.7019901
-2.85,-2.7822855,-2.85,-2.8465621,-2.85,-2.5896869,-2.85,-1.8451903
0.94000006,-1.6242192,0.94000006,-2.2452393,0.94000006,0.25462198,0.94000006,0.37789345
2.48,2.5081043,2.48,2.6650085,2.48,2.3910398,2.48,0.36237526
-0.3499999,-0.60347915,-0.3499999,-0.09465885,-0.3499999,-0.24590158,-0.3499999,-0.2542324
2.0700002,1.8603783,2.0700002,1.863678,2.0700002,2.109252,2.0700002,0.40398598
-0.6299999,-1.2122626,-0.6299999,-1.7528548,-0.6299999,-0.08389902,-0.6299999,-1.1412413
2.7200003,1.674284,2.7200003,1.4883046,2.7200003,1.5578833,2.7200003,0.67232704
1.6799998,1.4384875,1.6799998,1.0773535,1.6799998,2.002757,1.6799998,-0.07398796
2.3600001,1.7452178,2.3600001,1.8034668,2.3600001,1.912312,2.3600001,1.2752705
-2.6999998,-1.7636442,-2.6999998,-2.049409,-2.6999998,-2.6839113,-2.6999998,-0.5995467
1.8700004,2.4553022,1.8700004,0.8552089,1.8700004,2.327538,1.8700004,1.9059544
-0.03999996,-0.22799492,-0.03999996,-0.866122,-0.03999996,0.52519035,-0.03999996,-1.2414916
-1.8800001,-1.9817064,-1.8800001,-1.6059864,-1.8800001,-2.1988277,-1.8800001,-1.5052321
-1.3299999,-0.94820404,-1.3299999,0.44252872,-1.3299999,0.8766308,-1.3299999,0.42843056
-0.6299999,-0.6594229,-0.6299999,-0.93727756,-0.6299999,-0.42383242,-0.6299999,-0.267004
1.6599998,1.2337565,1.6599998,1.0779686,1.6599998,0.25507498,1.6599998,0.69979286
-2.1699998,0.4483924,-2.1699998,-0.010282993,-2.1699998,1.8907561,-2.1699998,-0.38785362
0,-2.3278491,0,-1.8530345,0,-1.7174954,0,-0.12919426
-1,0.2978611,-1,-0.911958,-1,-1.6031027,-1,-0.07865715
3.6800003,2.917697,3.6800003,3.0885177,3.6800003,-0.8265083,3.6800003,-0.86150193
-2.04,-2.3095622,-2.04,-2.0076482,-2.04,-1.3157947,-2.04,-2.6778166
-0.28999996,-0.5127804,-0.28999996,-0.20049381,-0.28999996,-0.13698292,-0.28999996,0.5201664
0.09000015,0.6033435,0.09000015,1.1434875,0.09000015,0.97375965,0.09000015,0.5696049
2.13,2.498273,2.13,2.1526384,2.13,2.4952912,2.13,1.7673893
-3.13,-2.6184616,-3.13,-2.0890932,-3.13,-2.3837192,-3.13,-1.1131575
3.13,2.1392093,3.13,2.2343178,3.13,-0.6184435,3.13,1.1671238
-2.1699998,-2.201252,-2.1699998,-1.8511095,-2.1699998,-1.712136,-2.1699998,-1.4139769
0.029999733,-0.88254094,0.029999733,-0.09768677,0.029999733,-0.020071983,0.029999733,-0.8009398
0.30999994,0.1069994,0.30999994,-0.16690731,0.30999994,0.3796463,0.30999994,-1.7644408
-2.3,-1.773412,-2.3,-1.8199692,-2.3,-1.5338583,-2.3,-0.9576323
3.13,3.4203153,3.13,3.2782536,3.13,1.677691,3.13,-0.4250698
0.9000001,-0.19222593,0.9000001,-0.9103973,0.9000001,-1.1528287,0.9000001,-0.28609276
-3.68,-2.281758,-3.68,-2.009182,-3.68,-2.705624,-3.68,-1.1395934
0.3199997,-1.4056733,0.3199997,-1.8931067,0.3199997,-0.023018837,0.3199997,-0.4903698
-2.77,0.88774014,-2.77,-1.2381611,-2.77,-0.42904663,-2.77,-0.59474015
-0.70000005,-0.99511003,-0.70000005,-1.2572069,-0.70000005,-0.34014797,-0.70000005,-0.43008232
3.6800003,3.4632668,3.6800003,3.968645,3.6800003,3.8940525,3.6800003,0.08600044
-1.0500002,0.5073972,-1.0500002,0.66111374,-1.0500002,0.6740327,-1.0500002,-0.89844346
-2.0600002,-2.242804,-2.0600002,-2.0282083,-2.0600002,-1.7069347,-2.0600002,-1.1014845
2.48,1.6088891,2.48,1.7758589,2.48,2.1335144,2.48,1.3085728
-2.48,-2.376117,-2.48,-2.416812,-2.48,-2.5619237,-2.48,-3.3065093
0,1.8269486,0,1.4198937,0,1.7351809,0,1.712183
2.7200003,2.253539,2.7200003,1.7002993,2.7200003,2.5765653,2.7200003,1.0793018
2.7200003,3.0218835,2.7200003,1.9628077,2.7200003,0.8784509,2.7200003,1.7180882
-4.5,-4.189569,-4.5,-3.516219,-4.5,-4.660533,-4.5,0.0645771
-2.72,-2.4738536,-2.72,-1.6674287,-2.72,-2.54873,-2.72,-0.5225737
0.23999977,-0.32915115,0.23999977,-1.383415,0.23999977,-0.55233335,0.23999977,0.8742008
1.7399998,2.3052416,1.7399998,2.1476464,1.7399998,1.5352678,1.7399998,0.28396034
0,-0.08834648,0,0.92030716,0,-0.47368908,0,0.110651016
-2.0600002,-2.2306175,-2.0600002,-1.7890925,-2.0600002,-1.8234177,-2.0600002,0.08668709
0.7000003,0.108579636,0.7000003,0.13300037,0.7000003,0.7653265,0.7000003,-0.60579515
-0.03999996,-0.588305,-0.03999996,-0.3383894,-0.03999996,-0.48148584,-0.03999996,0.0982914
3.13,1.450943,3.13,1.08672,3.13,-0.7108202,3.13,0.29968452
3.27,3.3008633,3.27,3.8834162,3.27,4.253931,3.27,-0.22710991
2.7200003,2.3118978,2.7200003,2.1414976,2.7200003,1.8020601,2.7200003,0.6964283
-0.55999994,-1.1536412,-0.55999994,-0.5001893,-0.55999994,-0.75640965,-0.55999994,0.2882862
-2.3,-2.6158395,-2.3,-2.2516396,-2.3,-2.0657158,-2.3,1.4265385
-2.48,1.7809305,-2.48,-1.2859607,-2.48,-1.4769204,-2.48,-0.4221859
-2.48,-2.0048811,-2.48,-1.0229068,-2.48,-0.6354637,-2.48,0.99889565
1.29,1.2771955,1.29,1.7971883,1.29,1.0864358,1.29,0.7764225
-1.45,-1.4872241,-1.45,-1.5743067,-1.45,-1.8002758,-1.45,-0.47189903
0,1.6082959,0,1.9834051,0,2.0159616,0,0.825861
1.8800001,1.2084923,1.8800001,1.2330661,1.8800001,0.9627609,1.8800001,2.0266666
1.8100004,0.69420004,1.8100004,-1.3549857,1.8100004,-1.5352826,1.8100004,0.16263008
2.7200003,1.8893604,2.7200003,0.21911049,2.7200003,-0.39324713,2.7200003,0.3649845
0.77999973,0.40136194,0.77999973,-0.5127375,0.77999973,0.56133175,0.77999973,0.2400837
-1.74,-1.7340524,-1.74,-1.3953905,-1.74,-2.4303195,-1.74,0.1414814
2.44,2.1122103,2.44,2.2705736,2.44,1.855691,2.44,-1.6695464
-1.45,-1.4508004,-1.45,-1.2188096,-1.45,-1.560097,-1.45,-0.62769914
3.13,3.142559,3.13,2.9820056,3.13,2.7907767,3.13,1.9385014
2.7200003,2.2610579,2.7200003,0.6059098,2.7200003,0.8416443,2.7200003,-0.15219688
0.05000019,0.59654045,0.05000019,1.4446349,0.05000019,1.1083078,0.05000019,-1.0120833
-1.81,-1.8223662,-1.81,-1.8309212,-1.81,-1.768961,-1.81,0.4349537
0.48999977,0.30154562,0.48999977,-0.113857746,0.48999977,0.07847166,0.48999977,-0.9627135
-1.8800001,-1.6177952,-1.8800001,-1.3397975,-1.8800001,-1.7943664,-1.8800001,-1.6540282
2.48,2.883335,2.48,2.086728,2.48,2.5110874,2.48,0.739069
-3.71,-0.9573717,-3.71,-2.3675437,-3.71,-1.3469856,-3.71,-0.25244713
-2.52,-2.0209856,-2.52,-2.0236628,-2.52,-1.5032403,-2.52,0.24118233
-0.68000007,0.08108568,-0.68000007,-0.11671209,-0.68000007,0.3155942,-0.68000007,0.1426487
-1.96,-1.8903477,-1.96,-1.6834798,-1.96,-1.3557253,-1.96,-1.0283568
0.85999966,0.7808418,0.85999966,0.6322031,0.85999966,1.3061218,0.85999966,-0.09946251
-2.28,-2.152759,-2.28,-2.3236554,-2.28,-2.2944121,-2.28,-1.6367247
1.1300001,1.0090551,1.1300001,1.1379724,1.1300001,1.0450764,1.1300001,-0.5218184
2.3000002,2.6631565,2.3000002,1.4899778,2.3000002,1.4214668,2.3000002,0.25738716
-2.21,1.3019962,-2.21,-1.2720919,-2.21,2.6812649,-2.21,-0.85971665
0.09000015,0.28293896,0.09000015,0.029271126,0.09000015,-0.01046133,0.09000015,-1.2513106
-2.81,-2.6962569,-2.81,-2.7219982,-2.81,-2.5474308,-2.81,1.0076847
0.77,0.69764614,0.77,0.5441437,0.77,0.72519016,0.77,1.1993961
3.3999996,1.4000535,3.3999996,2.176538,3.3999996,0.6936226,3.3999996,-1.2920287
1.3000002,-1.1996088,1.3000002,-0.82016945,1.3000002,-1.3094614,1.3000002,-0.1787014
-2.56,-2.4950202,-2.56,-2.2843676,-2.56,-2.5517478,-2.56,-0.44518852
-2.0600002,-2.0522385,-2.0600002,-2.5271235,-2.0600002,-1.8061755,-2.0600002,-0.28169823
1.6799998,1.9897022,1.6799998,1.6022544,1.6799998,1.6354909,1.6799998,0.15075111
-0.73,-2.376016,-0.73,-2.3807216,-0.73,-1.8686721,-0.73,-1.2419035
0.14999962,-0.068623066,0.14999962,0.2822938,0.14999962,0.21133804,0.14999962,0.9057865
-1.52,-0.08397722,-1.52,-1.451277,-1.52,-1.5101559,-1.52,0.12864113
-0.40999985,-0.55606484,-0.40999985,-0.26596975,-0.40999985,-0.2236762,-0.40999985,-1.0110533
-1.74,-1.273689,-1.74,0.30785894,-1.74,-0.58937097,-1.74,0.13537025
-1.9300001,-2.2362099,-1.9300001,-0.14230537,-1.9300001,2.1089296,-1.9300001,2.218378
-2.72,-2.376117,-2.72,-2.4168117,-2.72,-2.5619237,-2.72,-3.3065093
-1.3299999,-0.88895273,-1.3299999,-1.3450444,-1.3299999,-1.5531218,-1.3299999,-0.15480614
1.0299997,-0.5016906,1.0299997,-0.14289331,1.0299997,0.5675559,1.0299997,0.53712654
-2.72,-2.2105114,-2.72,-1.6575973,-2.72,-2.1942701,-2.72,-0.029218674
2.29,1.2059512,2.29,1.4082322,2.29,2.6829453,2.29,0.748682
-2.3,-2.228344,-2.3,-1.0114133,-2.3,2.2177238,-2.3,0.67150307
-1.5600002,-2.0919883,-1.5600002,-2.019606,-1.5600002,-1.5687666,-1.5600002,-1.6639159
2.42,2.663765,2.42,2.7058983,2.42,2.6198702,2.42,1.2705326
-2.23,-0.5437763,-2.23,1.9613743,-2.23,-0.33418798,-2.23,0.9325657
-0.13000011,-0.37792444,-0.13000011,-0.7906909,-0.13000011,0.7270708,-0.13000011,0.77010536
-0.13999987,-1.706207,-0.13999987,-1.5853598,-0.13999987,-2.206209,-0.13999987,-0.48659325
-2.56,-2.751996,-2.56,-2.8938684,-2.56,-2.862059,-2.56,-1.8619444
-1.49,-1.2615614,-1.49,-1.3927507,-1.49,-0.6158352,-1.49,-0.95131516
1.1000004,1.9230862,1.1000004,2.3870788,1.1000004,1.522831,1.1000004,1.3643284
-3.68,2.0923147,-3.68,2.049243,-3.68,1.7073298,-3.68,1.6425571
0.19000006,0.6433611,0.19000006,-0.19348001,0.19000006,0.4393835,0.19000006,0.3993168
3.8500004,3.0238543,3.8500004,2.6852317,3.8500004,1.2109771,3.8500004,1.5013828
-0.42000008,-0.9707658,-0.42000008,-0.49611998,-0.42000008,-0.4117303,-0.42000008,-0.048376083
-1.24,-1.5929015,-1.24,-1.0292213,-1.24,-1.7683251,-1.24,-0.36423302
-0.8200002,-1.0209179,-0.8200002,-0.5070162,-0.8200002,-0.7558675,-0.8200002,-0.21344566
-1.6299999,-1.8879623,-1.6299999,-1.4024556,-1.6299999,-0.46946335,-1.6299999,0.82187843
-1.0699999,0.568912,-1.0699999,-0.03875017,-1.0699999,0.27847815,-1.0699999,0.576334
3.2199998,3.1253147,3.2199998,2.8251567,3.2199998,2.431374,3.2199998,1.9474277
0,-0.4579115,0,0.5221853,0,0.9763465,0,1.3710575
1.4899998,2.0804548,1.4899998,1.4190011,1.4899998,1.6217813,1.4899998,-1.0462096
-1.45,-1.9385581,-1.45,-1.8951449,-1.45,-1.6787972,-1.45,0.17622566
-2.1699998,-1.9817064,-2.1699998,-1.6059861,-2.1699998,-2.1988277,-2.1699998,-1.5053008
-1.6299999,1.3909707,-1.6299999,0.52954483,-1.6299999,1.513217,-1.6299999,-0.45658684
2.7200003,2.2834597,2.7200003,1.5666113,2.7200003,-1.424628,2.7200003,0.56287575
2.0899997,2.8479853,2.0899997,1.822803,2.0899997,2.392654,2.0899997,1.6212711
0,1.211277,0,2.124898,0,1.736362,0,0.36127663
-1.45,0.9851861,-1.45,0.20191622,-1.45,0.4694171,-1.45,0.3342228
-2.1999998,2.636087,-2.1999998,2.1767225,-2.1999998,1.6717014,-2.1999998,-1.347647
-0.42000008,-2.2616658,-0.42000008,-1.0421271,-0.42000008,-0.54921746,-0.42000008,-1.0625517
-2.1699998,-1.1200361,-2.1699998,-0.9445734,-2.1699998,-0.021611214,-2.1699998,0.6557102
0,-0.9039619,0,-1.9361434,0,-0.62018037,0,-0.2900753
-2.16,-4.729967,-2.16,-4.091949,-2.16,-4.466592,-2.16,-0.09177208
0.13999987,-0.084311485,0.13999987,0.6956892,0.13999987,-0.061100006,0.13999987,1.2607136
-2.6999998,-2.107783,-2.6999998,-2.495603,-2.6999998,-3.158316,-2.6999998,-1.2236388
-3.13,-3.4101517,-3.13,-2.7639256,-3.13,-2.6878514,-3.13,-0.14622307
-1.8,-0.27451134,-1.8,-1.2141502,-1.8,-1.1261158,-1.8,0.8533268
-2.0600002,-0.08759308,-2.0600002,1.951798,-2.0600002,1.9287605,-2.0600002,0.28396034
-2.48,-2.8081088,-2.48,-1.5098183,-2.48,-1.7604847,-2.48,0.3342228
-3.4,-3.5177977,-3.4,-2.9372115,-3.4,-3.3938608,-3.4,-1.0941374
0.09000015,-0.032619476,0.09000015,0.649107,0.09000015,-0.20899248,0.09000015,0.6083317
-3.1399999,-3.149571,-3.1399999,-1.6058185,-3.1399999,-2.2562208,-3.1399999,-1.8660643
-3.29,-1.9512315,-3.29,-2.420408,-3.29,-1.5326896,-3.29,-1.4484465
1.4499998,1.362884,1.4499998,1.476481,1.4499998,2.2007117,1.4499998,1.2224674
-3.68,-3.1783385,-3.68,-2.704423,-3.68,-2.8672447,-3.68,-0.6476805
1.96,1.3992548,1.96,2.002276,1.96,1.4230719,1.96,0.25333595
-2.3,-2.1374161,-2.3,-1.9091711,-2.3,-2.7404091,-2.3,-0.0758419
-0.98,-1.1710241,-0.98,-0.73920226,-0.98,-0.7484312,-0.98,0.8957615
-2.93,-2.6393993,-2.93,-2.6369817,-2.93,-2.8076332,-2.93,-1.9584868
2.06,1.9153652,2.06,1.2816324,2.06,2.2515712,2.06,-0.5884917
-0.56999993,-0.5349145,-0.56999993,-0.68174696,-0.56999993,-1.4579506,-0.56999993,-0.23802757
-0.03999996,-1.1865005,-0.03999996,-1.870157,-0.03999996,-1.8190062,-0.03999996,0.16118813
-2.1200001,-0.51645255,-2.1200001,-1.5638914,-2.1200001,-2.903224,-2.1200001,0.13715553
2.06,1.4974127,2.06,2.3709993,2.06,1.5343537,2.06,0.41126442
1.1799998,0.55149364,1.1799998,1.43333,1.1799998,-0.5568156,1.1799998,0.39684486
-2.98,-2.6233754,-2.98,-2.4556873,-2.98,-1.6104374,-2.98,-0.055929184
1.4100003,0.16025352,1.4100003,-1.9701896,1.4100003,0.5432148,1.4100003,-0.08559227
-1.8900001,-2.2748413,-1.8900001,-1.9190433,-1.8900001,-2.3394039,-1.8900001,-0.32413292
1,-0.50118256,1,-0.22154379,1,-2.4529305,1,1.1706944
1.5100002,1.6281691,1.5100002,1.5022302,1.5100002,1.4180641,1.5100002,0.80114174
-0.3000002,-0.39178562,-0.3000002,-0.12726259,-0.3000002,0.29004717,-0.3000002,-1.0549986
-2.3,-2.1458688,-2.3,-2.3587065,-2.3,-2.0482707,-2.3,-0.8987181
2.23,2.474317,2.23,3.0749688,2.23,2.4463763,2.23,0.3413639
2.17,1.7980447,2.17,1.3707929,2.17,2.3123713,2.17,0.6359348
2.9,2.2301335,2.9,3.250039,2.9,2.7403002,2.9,-0.058813095
-0.97,-0.6720433,-0.97,-1.3043537,-0.97,-1.3087461,-0.97,-0.69045854
1.96,-0.34259844,1.96,-1.4610918,1.96,0.19114208,1.96,0.7626209
1.19,1.2180996,1.19,-0.6565511,1.19,-0.2017498,1.19,0.057847977
-2.75,-2.5630114,-2.75,0.3584714,-2.75,-2.3679237,-2.75,-0.14024925
-1.6299999,-1.0069242,-1.6299999,-1.6190224,-1.6299999,-1.1501012,-1.6299999,-0.9388182
0.75,0.28471422,0.75,-0.1445489,0.75,-0.6304784,0.75,-0.4438839
-1.74,-1.7129166,-1.74,-1.6216462,-1.74,-1.3705139,-1.74,-1.5585845
-2.48,-2.764162,-2.48,-2.1868656,-2.48,-1.2722392,-2.48,-0.14175987
-0.9599998,-0.004943371,-0.9599998,0.18110323,-0.9599998,-0.040810585,-0.9599998,0.37397957
0.73,1.3379292,0.73,1.3822188,0.73,1.3610868,0.73,0.63126564
-1,-1.9321785,-1,0.21143007,-1,-2.7289658,-1,-0.9958098
-1.96,-1.9249446,-1.96,-1.6170914,-1.96,-1.8478932,-1.96,-1.5854323
-1.4100001,-1.8217568,-1.4100001,-0.17772579,-1.4100001,-2.3221617,-1.4100001,0.7463474
-2.0600002,-2.237709,-2.0600002,-2.1472397,-2.0600002,-2.4663308,-2.0600002,-2.8566191
0.46000004,0.2855487,0.46000004,0.51621914,0.46000004,0.0996356,0.46000004,-0.045080185
-3.08,-2.4568927,-3.08,-0.9863043,-3.08,-2.2362201,-3.08,-0.99045396
-0.46000004,-1.0954232,-0.46000004,-1.3046091,-0.46000004,-1.1039233,-0.46000004,-0.85724473
-1.0699999,-1.2432101,-1.0699999,-0.949667,-1.0699999,-1.0791972,-1.0699999,0.25120735
0,0.6097317,0,0.5303364,0,-2.251342,0,0.3092289
1.8499999,2.433092,1.8499999,2.03445,1.8499999,0.905406,1.8499999,0.12122536
0.3499999,-0.07879925,0.3499999,-0.5584574,0.3499999,0.45426846,0.3499999,-0.23747826
2.7200003,2.2809076,2.7200003,2.6114073,2.7200003,1.771038,2.7200003,1.7886753
-2.62,-2.751833,-2.62,-2.427936,-2.62,-2.4764266,-2.62,0.072473526
-1.19,-1.2448912,-1.19,-1.8066468,-1.19,-0.2920184,-1.19,-0.8005278
-2.73,-2.5255904,-2.73,-1.5572929,-2.73,-2.1559968,-2.73,-1.4152129
2.54,2.168563,2.54,2.5531683,2.54,2.6218286,2.54,1.2194462
-1.53,-1.5357552,-1.53,-1.6205711,-1.53,-1.5336335,-1.53,-1.5469801
-0.9299998,-0.37778902,-0.9299998,-0.24072933,-0.9299998,0.13794756,-0.9299998,1.2692966
-2.1699998,-2.0943007,-2.1699998,-1.8871424,-2.1699998,-2.3722644,-2.1699998,-0.6444533
2.1499996,1.7073097,2.1499996,1.1740279,2.1499996,0.9020972,2.1499996,1.2502079
0.17999983,-0.21026659,0.17999983,0.17647839,0.17999983,0.042150497,0.17999983,0.76571083
-1.24,-2.8724616,-1.24,-2.683542,-1.24,-2.9494443,-1.24,-0.5724242
0,0.06397867,0,0.837368,0,1.456265,0,0.6150608
-2.48,-2.5709662,-2.48,-2.5992143,-2.48,-2.7305923,-2.48,-1.4389708
3.08,3.0442653,3.08,3.0549517,3.08,3.0049276,3.08,0.83986855
-3.85,3.291936,-3.85,2.048874,-3.85,3.5190325,-3.85,-0.1839199
0.119999886,0.9444499,0.119999886,-0.13709354,0.119999886,1.0123258,0.119999886,0.92473793
3.13,3.1535134,3.13,2.4774237,3.13,1.9977736,3.13,1.6167393
-0.28999996,-0.2366724,-0.28999996,-0.06554127,-0.28999996,-0.33555412,-0.28999996,-0.057302475
2.3000002,2.1210318,2.3000002,2.0537648,2.3000002,1.3677335,2.3000002,1.7565403
-2.48,-3.0198042,-2.48,-2.6705463,-2.48,-1.7180052,-2.48,-0.44319725
-0.1800003,-0.4361534,-0.1800003,-0.7450595,-0.1800003,0.17315674,-0.1800003,-0.4411373
-1.96,-1.4932451,-1.96,-1.9198108,-1.96,-1.0701864,-1.96,-0.038900375
1.0700002,1.2171507,1.0700002,-0.5368476,1.0700002,2.341473,1.0700002,-1.1158354
-4.5,0.4082489,-4.5,1.7859888,-4.5,-0.19690704,-4.5,0.26638222
4.46,-2.781689,4.46,-2.068565,4.46,1.0747676,4.46,0.6480198
-0.8399999,-0.9726763,-0.8399999,-0.27902842,-0.8399999,-1.1756227,-0.8399999,-0.45768547
-1.53,-1.0367565,-1.53,-1.2709746,-1.53,-0.73979783,-1.53,-0.28375816
-2.1699998,-1.6224318,-2.1699998,-1.5017786,-2.1699998,-0.28037548,-2.1699998,0.7967472
2.06,2.0804548,2.06,1.4190006,2.06,1.6217813,2.06,-1.0459349
3.13,2.960905,3.13,2.5359163,3.13,-0.07162428,3.13,0.5598545
-1.49,3.3033295,-1.49,3.4979916,-1.49,2.877922,-1.49,1.6697483
-2.1699998,-2.5106235,-2.1699998,-2.140808,-2.1699998,-3.1658797,-2.1699998,0.4068699
1.5799999,1.6922545,1.5799999,1.3602977,1.5799999,1.4610744,1.5799999,1.1327915
-0.53,-0.88678145,-0.53,1.1379342,-0.53,0.78949356,-0.53,0.32694435
-1.75,1.4641738,-1.75,1.1201596,-1.75,1.4557247,-1.75,0.96751595
2.6899996,3.382321,2.6899996,3.385501,2.6899996,3.1245685,2.6899996,-0.24887657
-0.3000002,-0.2773986,-0.3000002,-0.47440195,-0.3000002,0.05017805,-0.3000002,-0.7758086
-3.13,-2.41305,-3.13,-2.48032,-3.13,-2.1668324,-3.13,-0.46105003
-1.47,-1.3056941,-1.47,-0.9067962,-1.47,-1.4931111,-1.47,0.55106544
-1.6299999,0.585062,-1.6299999,1.6708007,-1.6299999,-0.31592178,-1.6299999,0.51481056
-4.09,-3.5569687,-4.09,-2.7826443,-4.09,-2.9585295,-4.09,-0.9877074
-3.1999998,-3.5208855,-3.1999998,-2.791444,-3.1999998,-3.3170075,-3.1999998,-0.9090178
0,0.87323666,0,-0.122813225,0,-1.3752973,0,1.3909702
1.8800001,0.35842562,1.8800001,0.26948166,1.8800001,1.018673,1.8800001,0.59865
2.3000002,2.5588183,2.3000002,2.0542874,2.3000002,2.3891025,2.3000002,0.75712776
0.25,0.46649456,0.25,-1.5244224,0.25,-1.2744408,0.25,-1.0499175
-2.46,-1.8582139,-2.46,-1.5721631,-2.46,-1.3935926,-2.46,0.32172585
0.5600004,2.2153616,0.5600004,1.6799593,0.5600004,2.1460218,0.5600004,0.046930313
-1.6299999,0.87407446,-1.6299999,-0.18349695,-1.6299999,-0.004451752,-1.6299999,0.15796089
-2.35,-2.8244133,-2.35,0.000116348,-2.35,-2.8379788,-2.35,-0.10145378
-3.4,-3.490996,-3.4,-3.243882,-3.4,-3.6298828,-3.4,-2.481848
-2.48,-2.0771792,-2.48,-1.629317,-2.48,-2.0323753,-2.48,-1.1805174
-0.4000001,-0.53795195,-0.4000001,0.7018976,-0.4000001,0.59477663,-0.4000001,0.47896767
-0.3699999,0.7169256,-0.3699999,0.9173789,-0.3699999,0.99289846,-0.3699999,0.16736794
-2.9499998,0.6928482,-2.9499998,0.45897484,-2.9499998,2.089179,-2.9499998,0.048578262
1.96,1.5624824,1.96,1.3414407,1.96,-2.5745757,1.96,0.024820328
1.73,1.9672127,1.73,1.5129061,1.73,2.093264,1.73,0.37610817
0.97999954,0.41211748,0.97999954,0.95429945,0.97999954,1.6191735,0.97999954,1.4718571
2.54,2.0150404,2.54,2.6188087,2.54,2.5712795,2.54,1.225214
-1.7299998,-1.0100603,-1.7299998,-1.2392273,-1.7299998,0.022007942,-1.7299998,-0.96024156
-2.3,-2.6221194,-2.3,-2.746883,-2.3,-2.6495438,-2.3,-1.9002593
2.1399999,1.9125795,2.1399999,1.68923,2.1399999,1.9927349,2.1399999,0.98262215
-2.73,-2.6970563,-2.73,-2.7138035,-2.73,-2.1956887,-2.73,-1.3236144
-3.13,-2.3100023,-3.13,-1.5420713,-3.13,-1.386385,-3.13,-0.4644146
-1.8800001,-2.8153172,-1.8800001,-2.4470692,-1.8800001,-2.8734279,-1.8800001,-1.430731
-2.01,-2.2219083,-2.01,-2.4959817,-2.01,-2.446994,-2.01,-1.7913573
-2.56,-2.4492877,-2.56,-2.0038042,-2.56,-2.6768122,-2.56,-1.8657897
-3.55,-3.3448296,-3.55,-3.2285948,-3.55,-2.8809443,-3.55,-0.88100266
2.06,1.413918,2.06,2.2098737,2.06,1.9329629,2.06,0.3661518
-1.53,-0.95289755,-1.53,-0.9295509,-1.53,-0.8656759,-1.53,-0.026060104
-0.07999992,-1.3595691,-0.07999992,-1.5070689,-0.07999992,-2.068282,-0.07999992,-1.6555388
2.06,2.0188532,2.06,1.5435219,2.06,0.62140703,2.06,0.74380684
1.6700001,1.3409615,1.6700001,0.80349016,1.6700001,1.3448539,1.6700001,-0.45088768
3.8500004,1.9159989,3.8500004,2.9568853,3.8500004,2.4384427,3.8500004,0.20856667
-3.49,-2.866543,-3.49,-2.3263414,-3.49,-2.3703187,-3.49,-1.1722777
-2.72,-2.7869143,-2.72,-2.7184901,-2.72,-2.4275703,-2.72,-0.79132676
1.96,0.7211404,1.96,0.79837847,1.96,0.74523354,1.96,0.08222389
-0.48999977,-0.6692436,-0.48999977,-0.4784112,-0.48999977,-0.7208338,-0.48999977,-0.22017479
-1.0699999,0.095356464,-1.0699999,0.88673544,-1.0699999,1.5456486,-1.0699999,0.41950417
-1.6800001,-1.6337781,-1.6800001,-1.3431432,-1.6800001,-1.6450207,-1.6800001,-0.35832787
-2.5,-2.4109426,-2.5,-1.5893242,-2.5,-2.1330261,-2.5,-1.509146
1.6400003,0.20558262,1.6400003,0.52318096,1.6400003,1.472795,1.6400003,-0.97383714
0.37999964,1.3588514,0.37999964,1.708056,0.37999964,1.0277643,0.37999964,0.74476814
-2.0600002,-1.439451,-2.0600002,-1.2200315,-2.0600002,-0.75756884,-2.0600002,-0.12610435
-0.1500001,-0.5780268,-0.1500001,-0.53368807,-0.1500001,-0.36826038,-0.1500001,-0.33456993
0.75,0.38001204,0.75,0.3003044,0.75,0.7026701,0.75,0.49743843
-1.96,-1.678196,-1.96,-1.2198496,-1.96,-2.1381388,-1.96,-0.41277885
-0.07000017,-0.09940243,-0.07000017,0.5318408,-0.07000017,2.159778,-0.07000017,1.0847263
0.60999966,-0.5471153,0.60999966,-0.4867401,0.60999966,-2.2747176,0.60999966,-0.6187041
3.19,3.0408735,3.19,3.22301,3.19,2.7184381,3.19,-0.7552092
1.0700002,-0.99925756,1.0700002,-0.42025566,1.0700002,0.35731602,1.0700002,0.36979103
-2.1699998,-2.0392516,-2.1699998,-1.607342,-2.1699998,-1.7799172,-2.1699998,-0.8816893
-0.8699999,-0.9609368,-0.8699999,1.4966106,-0.8699999,1.1080246,-0.8699999,1.8554173
-2.48,-2.2127192,-2.48,-2.5875845,-2.48,-1.6735423,-2.48,-0.31424522
-2.48,-3.010788,-2.48,-2.913167,-2.48,-2.5264618,-2.48,-1.2188323
-1.8800001,-1.7059369,-1.8800001,-1.7773097,-1.8800001,-1.8193321,-1.8800001,-1.5422423
-1.27,-0.9121597,-1.27,-0.6802132,-1.27,-0.8244722,-1.27,0.36903572
1.5300002,-0.40149117,1.5300002,-0.5785594,1.5300002,-0.44954538,1.5300002,-0.49222374
-3.4,3.195549,-3.4,1.1061215,-3.4,-0.6641433,-3.4,0.5965214
-2.93,-2.7067475,-2.93,-2.203542,-2.93,-3.1258376,-2.93,-0.6692412
2.3000002,2.0542288,2.3000002,2.3526034,2.3000002,2.0387888,2.3000002,-0.5805266
1.4100003,-0.38411903,1.4100003,-1.2901516,1.4100003,-0.40122795,1.4100003,0.009439468
0.9499998,0.4955635,0.9499998,0.3431635,0.9499998,0.6061225,0.9499998,0.73275185
-1.96,-1.3829131,-1.96,-1.4589744,-1.96,-1.5803936,-1.96,-1.5562499
2.3199997,2.0915537,2.3199997,1.4457755,2.3199997,1.0765476,2.3199997,0.4796543
-2.66,-3.0410182,-2.66,-2.3382778,-2.66,-3.0195656,-2.66,-0.7085173
2.06,0.31199598,2.06,-1.4256034,2.06,-1.4991944,2.06,-1.1288817
-0.9599998,-1.6624167,-0.9599998,-2.040625,-0.9599998,-2.3261278,-0.9599998,-0.5611632
-2.1699998,-1.7494612,-2.1699998,-1.9261861,-2.1699998,-1.7858384,-2.1699998,-1.345587
0.03999996,-0.12980318,0.03999996,-1.1314178,0.03999996,-1.0146446,0.03999996,0.49098396
0.25,0.93144226,0.25,1.2706561,0.25,1.1495895,0.25,-0.64308
-1.5,2.1163535,-1.5,-0.12782288,-1.5,-1.5129328,-1.5,0.4324131
1,0.27216482,1,0.18580675,1,-0.44546413,1,0.09458351
0,-1.4654269,0,-1.2891324,0,0.38880014,0,-1.1235259
1.96,1.0161715,1.96,1.1213179,1.96,-0.2651949,1.96,-0.95502305
-0.98,-1.5448861,-0.98,-1.4272649,-0.98,-1.4488125,-0.98,-0.20362663
1,0.8337784,1,1.1505661,1,1.1234756,1,0.047136307
-1.81,-1.7059367,-1.81,-1.7773092,-1.81,-1.8193321,-1.81,-1.5423796
-0.119999886,-1.5986185,-0.119999886,-0.78332853,-0.119999886,-0.6008942,-0.119999886,-0.4471798
2.98,2.8522406,2.98,2.4774323,2.98,2.69345,2.98,1.1879978
-2.1699998,-1.9488807,-2.1699998,-1.9484248,-2.1699998,-2.3214364,-2.1699998,-0.5098021
2.7800002,2.8978872,2.7800002,2.2967844,2.7800002,2.8418283,2.7800002,0.23472786
1.6799998,1.5895371,1.6799998,0.7574372,1.6799998,1.8817267,1.6799998,1.0549259
0.5999999,0.86664534,0.5999999,1.096766,0.5999999,0.42370176,0.5999999,0.510828
-2.1699998,1.5799055,-2.1699998,0.6959448,-2.1699998,1.1400499,-2.1699998,-0.011983871
0.03999996,1.1693196,0.03999996,0.058127403,0.03999996,0.90123034,0.03999996,-0.057302475
0.05000019,-0.101822376,0.05000019,-0.33354998,0.05000019,-0.9335735,0.05000019,-1.2789137
2.7200003,1.6363497,2.7200003,2.4700947,2.7200003,-1.5866551,2.7200003,0.32914162
-1.54,-1.3741176,-1.54,-1.5105071,-1.54,-1.525202,-1.54,-0.9694426
-1.3699999,0.1082139,-1.3699999,-0.49064493,-1.3699999,-0.30796337,-1.3699999,-0.5330107
-1.6399999,-1.8071144,-1.6399999,-1.8808658,-1.6399999,-0.16246939,-1.6399999,0.33861732
-2.1699998,-1.048099,-2.1699998,-1.7156632,-2.1699998,-1.4543879,-2.1699998,-0.20300865
1.2099996,1.2041502,1.2099996,0.96643114,1.2099996,0.9674058,1.2099996,1.1240025
2.42,1.1890717,2.42,2.347412,2.42,-0.16504383,2.42,-1.7614195
-1.3999999,-1.4072714,-1.3999999,-0.74188757,-1.3999999,1.1671343,-1.3999999,0.39972878
-1.3800001,-1.3980463,-1.3800001,-1.1238077,-1.3800001,-0.79051733,-1.3800001,0.3436985
3.13,3.1050034,3.13,3.311832,3.13,2.7864351,3.13,0.57660866
-1.25,1.0520039,-1.25,0.33359957,-1.25,-0.26945162,-1.25,0.96785927
-3.13,-2.666034,-3.13,-2.6357212,-3.13,-2.977127,-3.13,-0.9175322
0.4000001,0.14838743,0.4000001,0.012376785,0.4000001,0.3437009,0.4000001,-1.5507567
-1.0799999,-0.8352778,-1.0799999,-1.5975056,-1.0799999,1.5777035,-1.0799999,-0.10289574
1.1300001,0.92300415,1.1300001,1.5491152,1.1300001,-0.025982857,1.1300001,-0.5438597
3.13,3.0261755,3.13,2.5262747,3.13,3.3498259,3.13,1.8330326
2.2799997,2.3787532,2.2799997,2.1604495,2.2799997,1.8253508,2.2799997,1.0067234
2.54,2.1396127,2.54,2.5598588,2.54,2.5472927,2.54,1.1457005
-1.81,1.8219709,-1.81,0.339365,-1.81,2.085411,-1.81,1.5873508
-1.1500001,0.7161069,-1.1500001,0.13960171,-1.1500001,1.285233,-1.1500001,-0.003263474
-2.0600002,-2.4259737,-2.0600002,-1.5755734,-2.0600002,-2.245295,-2.0600002,-1.5223296
0,-3.2485125,0,-2.4712791,0,-3.4480617,0,-1.984854
0.2800002,1.4521184,0.2800002,-0.037675858,0.2800002,0.53058004,0.2800002,-0.80876756
-0.5999999,-0.7353778,-0.5999999,-1.2783039,-0.5999999,-1.3021891,-0.5999999,0.3805027
0.77,-0.019006252,0.77,0.17065287,0.77,0.44799328,0.77,-0.7896788
1.9900002,0.30401325,1.9900002,0.59375286,1.9900002,0.90276194,1.9900002,0.5962467
1.48,1.0033135,1.48,1.5923085,1.48,1.3609872,1.48,0.5358906
-2.0600002,-1.9707131,-2.0600002,-1.7280858,-2.0600002,-1.4536304,-2.0600002,-1.1729643
-2.6799998,-2.223536,-2.6799998,-2.6043808,-2.6799998,-2.5845015,-2.6799998,-1.033232
-1.52,-1.0564404,-1.52,-0.7533293,-1.52,-2.0906396,-1.52,-0.38586235
-0.6500001,-2.797522,-0.6500001,-2.3742886,-0.6500001,-3.0301583,-0.6500001,-0.29309654
0.3300004,-0.36017752,0.3300004,0.32120228,0.3300004,-0.9255965,0.3300004,0.15363503
-3.44,-0.78385353,-3.44,3.0878825,-3.44,3.06776,-3.44,0.25079536
1.7399998,2.4198837,1.7399998,1.4602208,1.7399998,2.0529103,1.7399998,1.2668247
0.40999985,0.9647727,0.40999985,0.26793385,0.40999985,0.8468094,0.40999985,0.81542397
2.3500004,2.275176,2.3500004,2.429834,2.3500004,2.0383277,2.3500004,0.46001625
-1.5799999,-1.8252361,-1.5799999,-2.0151086,-1.5799999,-1.9885616,-1.5799999,0.55147743
-1.99,-2.2067602,-1.99,-2.264771,-1.99,-1.7440617,-1.99,-0.58663774
-2.07,-2.2519116,-2.07,-1.408304,-2.07,-1.9911821,-2.07,-0.026952744
0,2.9389682,0,2.114387,0,2.5518227,0,1.1827793
-2.93,-1.9626222,-2.93,-1.9356606,-2.93,-2.3721795,-2.93,0.26185036
-2.3,-2.1288319,-2.3,-1.0680218,-2.3,-0.7236657,-2.3,0.781229
-1.6299999,-1.6029778,-1.6299999,-1.512171,-1.6299999,-1.623987,-1.6299999,-1.5081847
2.3000002,2.9368262,2.3000002,1.6055655,2.3000002,1.0331898,2.3000002,0.73412514
-2.31,-0.36814308,-2.31,-1.805943,-2.31,-1.853935,-2.31,0.13564491
-1.72,-1.4243736,-1.72,-0.89261866,-1.72,-1.2108927,-1.72,-0.29927635
-0.059999943,0.18963575,-0.059999943,-0.43497944,-0.059999943,0.80337715,-0.059999943,0.5664463
2.48,2.0043812,2.48,1.5886302,2.48,2.2012396,2.48,0.3224125
-3.51,-0.85217524,-3.51,3.096099,-3.51,3.7283993,-3.51,0.37233162
-0.19999981,-0.79369736,-0.19999981,-0.021081924,-0.19999981,-0.872633,-0.19999981,-0.00758934
0.47000027,0.9316268,0.47000027,1.520989,0.47000027,1.3063259,0.47000027,0.6981449
-1.8800001,-1.7043858,-1.8800001,-2.1383233,-1.8800001,-1.4058654,-1.8800001,-0.8976195
2.08,1.5724516,2.08,1.7125382,2.08,1.4121742,2.08,-0.26054955
2.4700003,1.1647058,2.4700003,1.0822053,2.4700003,1.1978817,2.4700003,1.247118
2.54,2.4327402,2.54,2.5395927,2.54,2.5742483,2.54,0.08757973
-2.3,-1.1373487,-2.3,-2.3743246,-2.3,-1.8613138,-2.3,-1.4066985
-0.89999986,-1.2092993,-0.89999986,-0.76410985,-0.89999986,0.6152735,-0.89999986,0.8693943
0,-0.17928362,0,-0.7350948,0,0.48006916,0,0.48089027
3.2900004,0.49938345,3.2900004,-1.9127688,3.2900004,-1.4101896,3.2900004,-0.15741539
-3.3400002,-0.028078556,-3.3400002,0.43292904,-3.3400002,0.12440777,-3.3400002,0.23644447
-1.6699998,-0.7681632,-1.6699998,-1.4082246,-1.6699998,-1.6414442,-1.6699998,-0.08092308
0.05000019,-0.29679155,0.05000019,-0.10215473,0.05000019,-0.1799326,0.05000019,0.53925514
-3.13,-2.6114435,-3.13,-2.47285,-3.13,-3.5082178,-3.13,1.2543278
0,2.1946187,0,2.417305,0,2.2026749,0,-0.07790184
0.77999973,0.7162452,0.77999973,0.40164995,0.77999973,1.042511,0.77999973,0.9561863
-2.04,-1.9706547,-2.04,-1.3325672,-2.04,-1.571949,-2.04,0.37459755
-1.1800001,-0.91311884,-1.1800001,-0.1289382,-1.1800001,-1.3155096,-1.1800001,-0.5739348
2.7800002,1.8685522,2.7800002,1.9552054,2.7800002,2.9874177,2.7800002,0.08476448
-2.1699998,-2.304137,-2.1699998,-2.1760156,-2.1699998,-1.9738958,-2.1699998,-1.1025145
-1.74,-2.3009622,-1.74,-1.9569466,-1.74,-2.4914105,-1.74,0.3892231
-2.3,-1.0094872,-2.3,-0.5821538,-2.3,-1.6755176,-2.3,-0.92192674
-1.6800001,-0.15368366,-1.6800001,0.17224121,-1.6800001,-0.39069462,-1.6800001,-0.5927489
1.8599997,2.414093,1.8599997,2.3323817,1.8599997,2.8926134,1.8599997,1.626215
-1.1299999,-0.14905691,-1.1299999,0.029984951,-1.1299999,0.18666887,-1.1299999,-0.95982957
0.6199999,1.1855636,0.6199999,0.94199085,0.6199999,1.2784009,0.6199999,2.2565556
0,-0.6322262,0,0.09209347,0,-0.10085583,0,1.1695957
2.8200002,2.5366135,2.8200002,1.9182725,2.8200002,2.2404075,2.8200002,1.2335911
-3.13,2.530181,-3.13,3.0641594,-3.13,2.9060802,-3.13,0.19867897
-0.5,-1.0269904,-0.5,-0.11981344,-0.5,-1.3940482,-0.5,0.3479557
1.6799998,1.1898441,1.6799998,0.8403034,1.6799998,-1.0470967,1.6799998,1.302393
-1.1299999,-0.5788841,-1.1299999,-1.3730822,-1.1299999,-0.6746421,-1.1299999,-0.7802031
0,-0.26192904,0,0.016042233,0,-1.1664174,0,-0.91918015
-2.0600002,-1.2652771,-2.0600002,-0.76253605,-2.0600002,-1.2663693,-2.0600002,1.0227909
-2.72,-2.8106234,-2.72,-1.9047458,-2.72,-2.018506,-2.72,-0.16538048
1.9499998,2.3082314,1.9499998,1.2854223,1.9499998,0.8956022,1.9499998,-0.32523155
-2.75,-1.0636375,-2.75,-0.6026106,-2.75,-0.6431031,-2.75,-0.79695725
-2.3,-1.120358,-2.3,-1.9957252,-2.3,0.833446,-2.3,-1.3814299
-1.24,-1.3369331,-1.24,-0.9139705,-1.24,-1.9932563,-1.24,-1.5301573
-2.0600002,-2.4738798,-2.0600002,-2.0700998,-2.0600002,1.4320936,-2.0600002,1.2087345
2.77,2.8434458,2.77,2.8477478,2.77,2.8628836,2.77,1.5781498
-2.0600002,-2.034647,-2.0600002,-1.9830067,-2.0600002,-1.4397805,-2.0600002,-0.004705429
-2.1699998,-2.026677,-2.1699998,-2.1665895,-2.1699998,-1.8628027,-2.1699998,-0.87866807
-0.11000013,-0.8600638,-0.11000013,-1.1155396,-0.11000013,-1.7774427,-0.11000013,-1.5007689
-1.1800001,-0.33146954,-1.1800001,-0.6423969,-1.1800001,-0.9015806,-1.1800001,0.53499794
2.75,1.7736492,2.75,1.5094128,2.75,1.9010482,2.75,1.0023289
-2.0600002,-2.2837675,-2.0600002,-1.6443062,-2.0600002,-2.1245737,-2.0600002,-0.75877976
2.17,2.336894,2.17,1.9468241,2.17,1.9514384,2.17,0.029352188
-2.0600002,-1.7497406,-2.0600002,-2.0635655,-2.0600002,-2.4290187,-2.0600002,0.44861794
-2.0600002,-2.2419834,-2.0600002,-1.5391076,-2.0600002,-2.536724,-2.0600002,-0.9075072
-2.8400002,-3.3401895,-2.8400002,-2.5687845,-2.8400002,-2.9778376,-2.8400002,-1.7180235
2.48,2.0753894,2.48,1.5637932,2.48,1.6956797,2.48,0.021936417
2.0100002,-0.40490723,2.0100002,0.975029,2.0100002,0.9033489,2.0100002,0.15686226
-1.8800001,-1.1172757,-1.8800001,-1.5815239,-1.8800001,0.034773827,-1.8800001,0.037042618
-1.8800001,0.32116222,-1.8800001,-1.2553313,-1.8800001,-0.25671768,-1.8800001,0.3398533
1.6799998,1.692255,1.6799998,1.3602977,1.6799998,1.4610744,1.6799998,1.1327229
1.6300001,1.4587584,1.6300001,1.7937589,1.6300001,0.5001421,1.6300001,0.65777016
-1.49,-1.3911963,-1.49,-1.2473552,-1.49,-2.1671355,-1.49,-1.995291
-1.5799999,-1.5362556,-1.5799999,-1.4274225,-1.5799999,-1.4669242,-1.5799999,-0.277853
-0.98,-0.25955248,-0.98,-0.59935975,-0.98,-0.4683709,-0.98,0.41483498
-1.4100001,-1.5031748,-1.4100001,-1.4112916,-1.4100001,-1.0936298,-1.4100001,-0.6006453
1.5799999,1.6931381,1.5799999,1.9535828,1.5799999,1.3765578,1.5799999,-0.60812974
-2.48,-2.1458693,-2.48,-2.3587067,-2.48,-2.0482707,-2.48,-0.8987181
-0.4500003,0.81433153,-0.4500003,1.039331,-0.4500003,0.5126786,-0.4500003,0.23150063
1.5300002,1.6122417,1.5300002,2.0261292,1.5300002,2.6450415,1.5300002,1.0677662
2,1.783021,2,1.3357024,2,1.2081633,2,0.39258766
1.8800001,1.7388535,1.8800001,1.4855709,1.8800001,1.3724251,1.8800001,0.29192543
2.48,2.7074094,2.48,3.0287423,2.48,2.5931177,2.48,0.80615425
1.6300001,1.5723586,1.6300001,1.436801,1.6300001,-0.32904387,1.6300001,0.5832691
-0.42999983,-0.048572063,-0.42999983,-0.21165133,-0.42999983,0.37131405,-0.42999983,0.3743229
1.6799998,0.047189236,1.6799998,0.7178297,1.6799998,-0.2503128,1.6799998,0.26377296
0,-0.4077015,0,-0.42753077,0,-0.3202238,0,-1.0349486
-2.72,-2.7780695,-2.72,-2.294706,-2.72,-0.89007235,-2.72,0.12864113
1.4499998,1.7298074,1.4499998,2.1812625,1.4499998,1.6848621,1.4499998,-0.5372679
-1.8800001,-1.9689062,-1.8800001,-2.2725813,-1.8800001,-2.102204,-1.8800001,-0.98036027
0,0.72607803,0,0.97739124,0,-0.3835497,0,0.1490345
-3.13,-2.4133766,-3.13,-2.3843844,-3.13,-2.3418796,-3.13,-0.81151414
-0.8599999,-0.12604189,-0.8599999,-0.55550194,-0.8599999,0.036882877,-0.8599999,-0.97946763
-1.3299999,0.08730173,-1.3299999,-1.0525098,-1.3299999,0.17706013,-1.3299999,0.32131386
-0.5,-0.7134807,-0.5,-0.18656063,-0.5,0.055500984,-0.5,-0.55560136
2.7200003,3.0027685,2.7200003,2.6114106,2.7200003,2.8577027,2.7200003,0.6730137
0.5300002,0.63701534,0.5300002,1.0477109,0.5300002,-0.29465294,0.5300002,-0.04274559
-1.9699998,-9.97E-05,-1.9699998,0.83228445,-1.9699998,1.5258894,-1.9699998,0.43406105
0.8800001,0.86776495,0.8800001,1.5604649,0.8800001,1.0150795,0.8800001,0.49194527
-0.9599998,-1.0560458,-0.9599998,-0.41859102,-0.9599998,-0.03143835,-0.9599998,-0.46159935
2.3000002,1.6572714,2.3000002,1.6840844,2.3000002,1.8721962,2.3000002,0.8298435
4.5,3.2611094,4.5,3.842598,4.5,3.7686205,4.5,-0.38565636
-1.96,-2.6160917,-1.96,-2.680519,-1.96,-2.539447,-1.96,-0.1655178
0,1.1647053,0,1.0822053,0,1.1978817,0,1.2470493
-3.13,-2.225446,-3.13,-2.4272263,-3.13,-2.541696,-3.13,1.0562992
-0.53,-1.6878908,-0.53,-1.5904341,-0.53,-1.0763774,-0.53,-0.66951585
2.17,1.7858591,2.17,0.27326775,2.17,-0.70995975,2.17,0.2313633
-1.8800001,-1.7576618,-1.8800001,-1.9801798,-1.8800001,-0.9744191,-1.8800001,-1.0040495
-0.15999985,-0.033552647,-0.15999985,-0.77944064,-0.15999985,-0.061198235,-0.15999985,0.39080238
2.9,2.2301335,2.9,3.250039,2.9,2.7403002,2.9,-0.058813095
-1.9200001,-1.7269299,-1.9200001,-1.2443812,-1.9200001,-1.8639355,-1.9200001,-1.7743285
-0.75,-1.4857688,-0.75,-0.5669291,-0.75,-2.0199747,-0.75,0.060251236
-0.03999996,-0.1733551,-0.03999996,-0.1771121,-0.03999996,-0.33375263,-0.03999996,-0.40172386
0,-0.4921708,0,-0.63189983,0,-0.7588289,0,-0.75054
-1.27,-1.587687,-1.27,0.6637955,-1.27,0.14290619,-1.27,-0.100904465
-0.6200001,-0.531729,-0.6200001,-0.6914222,-0.6200001,-0.8246596,-0.6200001,-1.128401
-0.5,-0.65864277,-0.5,-0.9180682,-0.5,-0.44825792,-0.5,-0.30490685
1.4899998,1.7789369,1.4899998,1.395968,1.4899998,0.83976316,1.4899998,0.7291126
1.1499996,1.1189623,1.1499996,0.880177,1.1499996,2.5126925,1.1499996,0.8996067
-1.1800001,-1.8738811,-1.1800001,-1.3818586,-1.1800001,0.17912054,-1.1800001,0.078790665
-2.3,-2.2788312,-2.3,-1.8023405,-2.3,-2.5207548,-2.3,-0.11635399
0,-0.7523961,0,-1.231164,0,-1.4278455,0,0.41044044
-1.5799999,-1.6669238,-1.5799999,-1.1075981,-1.5799999,-1.5204268,-1.5799999,-0.04109764
1.52,-2.3166742,1.52,-0.3340106,1.52,0.21952772,1.52,0.49627113
-2.0900002,-2.2058477,-2.0900002,-2.3517985,-2.0900002,-2.2586925,-2.0900002,1.4682865
-2.9,-3.0639267,-2.9,-2.0038362,-2.9,-2.8951013,-2.9,-0.0045681
-1.81,-1.2776313,-1.81,-0.4577422,-1.81,-1.3803787,-1.81,-0.611357
-1.5799999,-2.4630423,-1.5799999,-2.3940167,-1.5799999,-2.2895608,-1.5799999,-2.213507
-1.96,-1.888468,-1.96,-2.246473,-1.96,-2.264941,-1.96,-0.5566313
0.77999973,0.23458719,0.77999973,0.1685257,0.77999973,-1.7666898,0.77999973,0.43522835
0,1.3094764,0,1.0211077,0,0.95408154,0,0.51034737
2.17,2.537251,2.17,0.31807184,2.17,2.8182526,2.17,0.6296177
-1.74,2.9692297,-1.74,2.265098,-1.74,1.9039412,-1.74,1.0527287
-2.3,-0.735425,-2.3,-1.4977715,-2.3,1.7472963,-2.3,0.43255043
-3.08,-2.7527823,-3.08,-2.4079428,-3.08,-2.573577,-3.08,-0.9862654
3.08,-2.4622927,3.08,-1.9956973,3.08,-0.2618513,3.08,0.3049717
-0.55999994,-0.55220866,-0.55999994,-1.2511053,-0.55999994,-0.75066257,-0.55999994,0.6830387
2.48,1.6088891,2.48,1.7758594,2.48,2.1335144,2.48,1.3084354
0.42000008,0.2657051,0.42000008,0.7552719,0.42000008,0.8489127,0.42000008,0.16132545
3.2900004,3.3807993,3.2900004,2.861908,3.2900004,2.6093545,3.2900004,1.4240665
-2.72,-2.8171048,-2.72,-2.7465224,-2.72,-2.9304893,-2.72,-0.32742882
0,0.36789513,0,0.21953964,0,0.91672516,0,1.0322666
1.8800001,0.37034655,1.8800001,0.45391273,1.8800001,0.13063765,1.8800001,0.4905033
1.4899998,1.1269379,1.4899998,1.6124573,1.4899998,1.6232824,1.4899998,0.4267826
-2.35,-1.3087635,-2.35,-1.740269,-2.35,0.7406063,-2.35,-0.12617302
-2.48,-1.2193382,-2.48,-0.5795369,-2.48,0.66707087,-2.48,0.09472084
-2.6,-2.735622,-2.6,-2.4425056,-2.6,-2.7135568,-2.6,-2.0323699
1.77,1.692255,1.77,1.3602982,1.77,1.4610744,1.77,1.1327915
-1.99,-1.3748884,-1.99,-1.3207469,-1.99,-1.572274,-1.99,1.021555
-1.6299999,1.3300276,-1.6299999,0.95757484,-1.6299999,1.4262285,-1.6299999,0.4536991
0,0.075274944,0,0.7192998,0,-1.0186338,0,0.17327309
-0.23000002,-0.2366724,-0.23000002,-0.06554079,-0.23000002,-0.33555412,-0.23000002,-0.057027817
3.6100006,2.8092122,3.6100006,3.5784645,3.6100006,2.9417968,3.6100006,1.5326939
2.6100001,1.9625354,2.6100001,2.1749287,2.6100001,2.0889573,2.6100001,1.9371281
-3.13,-2.698225,-3.13,-2.503501,-3.13,-2.6179953,-3.13,-0.63525224
1.4499998,1.5106745,1.4499998,1.9320974,1.4499998,1.2030973,1.4499998,1.2274113
1.0099998,-0.033554077,1.0099998,0.34949255,1.0099998,0.14963245,1.0099998,0.45747566
2.48,1.959702,2.48,1.6949973,2.48,1.6023369,2.48,0.11209297
-1.49,-1.0106843,-1.49,-0.5124986,-1.49,-1.3209431,-1.49,0.16242409
3.1999998,2.4454956,3.1999998,3.095624,3.1999998,3.1578827,3.1999998,0.36512184
0.25,0.09183693,0.25,0.64114094,0.25,0.15822506,0.25,0.67370033
2.7200003,2.2535381,2.7200003,1.7002988,2.7200003,2.5765653,2.7200003,1.0793705
3.13,2.076098,3.13,2.0094771,3.13,2.2676587,3.13,0.30236244
-1.6299999,1.5739994,-1.6299999,1.0615673,-1.6299999,1.6104975,-1.6299999,0.68503
1.8800001,2.3214984,1.8800001,1.5729856,1.8800001,1.7324977,1.8800001,1.494791
-0.28999996,-1.9715829,-0.28999996,-1.4564745,-0.28999996,0.66811657,-0.28999996,-0.09575462
-2.3,-1.6029782,-2.3,-1.512171,-2.3,-1.623987,-2.3,-1.508322
-2.0600002,-1.7001445,-2.0600002,-0.84700537,-2.0600002,-2.0329728,-2.0600002,0.35811806
-2.0600002,-1.8598998,-2.0600002,-1.573725,-2.0600002,-2.7340124,-2.0600002,0.15487099
2.7200003,3.0222073,2.7200003,2.9542327,2.7200003,2.931117,2.7200003,0.12218666
-0.5899999,-0.629262,-0.5899999,-0.6705487,-0.5899999,-1.1323371,-0.5899999,0.25621986
2.27,1.4427071,2.27,2.2345176,2.27,2.70087,2.27,1.7419834
-0.73,-1.662343,-0.73,-2.1452901,-0.73,0.5222788,-0.73,-1.3668044
-1.22,-1.0887425,-1.22,-1.4121811,-1.22,0.3015046,-1.22,-0.19930077
-1.45,-1.5267956,-1.45,-0.6404958,-1.45,0.6854725,-1.45,0.64170265
1.7399998,-0.30979443,1.7399998,-0.4268489,1.7399998,0.46663237,1.7399998,0.31403542
-0.2800002,-0.49689484,-0.2800002,-1.5012782,-0.2800002,-1.1932094,-0.2800002,-1.4406188
-2.77,-2.7201915,-2.77,-2.110708,-2.77,-2.4384599,-2.77,1.5288486
-1.24,-1.3982644,-1.24,-0.672703,-1.24,1.0750928,-1.24,-1.4134963
-0.5899999,-0.9602246,-0.5899999,-0.9929497,-0.5899999,-1.073801,-0.5899999,0.45445442
-0.76,0.5463066,-0.76,-0.38511276,-0.76,1.0055747,-0.76,1.0468235
-0.6700001,-1.2224863,-0.6700001,-0.62259007,-0.6700001,-0.9562161,-0.6700001,0.3855152
1.73,-0.4205842,1.73,0.8264003,1.73,-0.1863904,1.73,0.83059883
-0.80999994,-0.8009219,-0.80999994,-0.2529621,-0.80999994,-1.2796178,-0.80999994,-1.2557738
0.97999954,0.5816655,0.97999954,1.0605273,0.97999954,0.56634665,0.97999954,-0.09314537
-1.8800001,-1.8391559,-1.8800001,-1.9745054,-1.8800001,-1.8961937,-1.8800001,-0.1862545
-0.1500001,0.08171892,-0.1500001,0.38165426,-0.1500001,1.025609,-0.1500001,0.2639103
-0.5999999,-0.77664137,-0.5999999,-0.67575073,-0.5999999,-0.81203985,-0.5999999,-0.14629173
-1.8800001,0.25746775,-1.8800001,-0.64914465,-1.8800001,-0.53346014,-1.8800001,0.19449043
-1.6299999,-0.440032,-1.6299999,-0.5977113,-1.6299999,-0.57394314,-1.6299999,0.08153725
2.73,3.0890837,2.73,3.111218,2.73,2.6880798,2.73,3.2326908
0.30999994,-0.23678827,0.30999994,-0.3285246,0.30999994,-0.077858925,0.30999994,-1.6198332
-3.08,-2.1851914,-3.08,-2.1223679,-3.08,-0.67487764,-3.08,0.4415455
1.8100004,1.3012085,1.8100004,1.7421017,1.8100004,1.7243524,1.8100004,0.3578434
-2.9499998,0.6265054,-2.9499998,-2.440259,-2.9499998,-1.9514756,-2.9499998,1.4995975
1.1799998,1.4020529,1.1799998,1.785028,1.1799998,1.4428616,1.1799998,1.0118046
-0.89999986,-0.3953104,-0.89999986,-0.45467997,-0.89999986,-0.2886939,-0.89999986,0.0992527
1.1000004,1.29213,1.1000004,0.50426435,1.1000004,0.95856476,1.1000004,0.64348793
2.19,-3.223606,2.19,-3.1709402,2.19,-2.4961472,2.19,-0.26013756
2.2400002,2.0821304,2.2400002,1.6626549,2.2400002,1.75068,2.2400002,1.6914463
1.56,1.364389,1.56,1.155765,1.56,1.4159789,1.56,1.7702732
-0.059999943,0.095190525,-0.059999943,0.7137933,-0.059999943,1.7207699,-0.059999943,0.6034565
-0.77,-1.7438135,-0.77,-1.7252803,-0.77,-0.90842676,-0.77,0.19249916
0.9200001,0.9339223,0.9200001,0.8342962,0.9200001,0.93332386,0.9200001,0.52511024
-1.0699999,-1.1431205,-1.0699999,-0.93710136,-1.0699999,-0.6592305,-1.0699999,-0.6120436
1.5799999,1.4356308,1.5799999,1.0603466,1.5799999,2.4965615,1.5799999,0.2379551
2.7200003,2.7258825,2.7200003,2.7364407,2.7200003,2.4981875,2.7200003,0.52256966
4.46,4.570966,4.46,4.2018013,4.46,3.5550537,4.46,0.2450962
-1.96,-1.8704586,-1.96,-1.6174457,-1.96,-1.8788934,-1.96,-1.2728026
1.8800001,2.5148878,1.8800001,2.192706,1.8800001,2.330288,1.8800001,0.16393471
-0.61000013,-1.0291505,-0.61000013,-1.007541,-0.61000013,-0.589293,-0.61000013,-0.94980454
2.6799998,3.0060353,2.6799998,2.7990508,2.6799998,3.0379515,2.6799998,0.86582375
1.6599998,1.4422073,1.6599998,1.0585966,1.6599998,1.9394403,1.6599998,0.06196785
3.19,3.0086904,3.19,3.3450027,3.19,3.2900295,3.19,1.5046787
-2.85,-2.8881571,-2.85,-2.947927,-2.85,-2.995109,-2.85,0.8769474
-1.3699999,-0.7976923,-1.3699999,-0.8146076,-1.3699999,-0.3231063,-1.3699999,-1.4678099
2.02,2.508325,2.02,2.1155663,2.02,1.8615398,2.02,1.5690861
-1.0699999,-0.6047077,-1.0699999,-0.84575033,-1.0699999,-0.0699029,-1.0699999,-1.2957366
0,0.49556398,0,0.343163,0,0.6061225,0,0.7324772
0.40999985,0.95064354,0.40999985,2.191821,0.40999985,2.6528273,0.40999985,1.3389225
1.96,1.3092356,1.96,0.412086,1.96,-0.7839184,1.96,-0.7420943
2.48,2.0472627,2.48,2.09019,2.48,2.2199206,2.48,0.6311283
-0.76,-1.2673187,-0.76,-1.5811639,-0.76,-1.296412,-0.76,-1.1188567
2.6400003,2.3222017,2.6400003,1.9968643,2.6400003,2.4109173,2.6400003,0.37995338
2.06,1.8493261,2.06,2.3371944,2.06,1.975213,2.06,0.19297981
-1.3699999,-0.9507909,-1.3699999,-1.0624399,-1.3699999,-1.2355361,-1.3699999,-1.0377638
-2.4,-2.1108835,-2.4,-2.053522,-2.4,-2.7069938,-2.4,-0.1312542
-3.13,2.2631745,-3.13,3.6204948,-3.13,3.3847094,-3.13,0.51577187
-2.0600002,-2.4797695,-2.0600002,-1.2225101,-2.0600002,-3.2775419,-2.0600002,-1.5882475
4.09,3.4277725,4.09,3.4287734,4.09,3.4511847,4.09,-0.037801743
2.3000002,2.7579355,2.3000002,2.195025,2.3000002,2.7963457,2.3000002,1.0675602
-2.3,-2.6061656,-2.3,-2.2045493,-2.3,-2.4114199,-2.3,-0.58080125
3.08,-1.9250834,3.08,-1.8901963,3.08,-0.6188898,3.08,0.45383644
2.1100001,0.17471027,2.1100001,0.57756805,2.1100001,0.6835656,2.1100001,0.06615639
-1.1299999,-0.27024126,-1.1299999,-0.48750782,-1.1299999,-0.8633039,-1.1299999,-0.4217739
0.05000019,-0.834496,0.05000019,-0.59013104,0.05000019,-0.014388561,0.05000019,-0.8750975
0.6199999,-0.50752187,0.6199999,0.9449692,0.6199999,1.7381992,0.6199999,0.109140396
-2.98,-3.3373907,-2.98,-3.4768586,-2.98,-2.358472,-2.98,-0.913893
-1.3299999,-0.95943904,-1.3299999,-1.0587597,-1.3299999,-1.2081556,-1.3299999,-0.9105284
2.06,1.7742424,2.06,1.7530847,2.06,1.4435015,2.06,0.22449684
-1.8800001,0.99308825,-1.8800001,1.3883853,-1.8800001,2.1453762,-1.8800001,-0.028326035
3.13,2.0137253,3.13,1.0039287,3.13,0.34366465,3.13,0.084833145
-1.8800001,-0.9500172,-1.8800001,-1.7122834,-1.8800001,-2.9483855,-1.8800001,-0.837744
0.9000001,1.1950593,0.9000001,1.4650865,0.9000001,0.92867947,0.9000001,-0.0175457
-2.0600002,-1.6737602,-2.0600002,-1.9989171,-2.0600002,-1.6498342,-2.0600002,-0.9830382
2.92,-1.072432,2.92,-2.0447178,2.92,-1.8334413,2.92,0.19991493
-0.6500001,0.27994585,-0.6500001,0.19362497,-0.6500001,0.3539505,-0.6500001,0.3621006
-1.95,-1.3371108,-1.95,-1.8909159,-1.95,-1.9404035,-1.95,-1.5311186
0,0.46032238,0,1.13163,0,2.0105062,0,0.43886757
3.13,3.7602844,3.13,2.891838,3.13,2.8121367,3.13,-0.6934111
-3.85,-3.6227756,-3.85,-3.2517157,-3.85,-3.9097123,-3.85,-0.4169674
-0.13000011,0.4958887,-0.13000011,0.21649218,-0.13000011,-0.16737747,-0.13000011,0.8481083
1.8800001,1.3094759,1.8800001,1.0211086,1.8800001,0.95408154,1.8800001,0.5102787
2.48,2.3267612,2.48,1.7397094,2.48,1.9780369,2.48,0.7835636
-1.6299999,-1.7447402,-1.6299999,-1.7008405,-1.6299999,-1.3770676,-1.6299999,-1.571562
-1.0699999,-0.48563147,-1.0699999,-0.72921515,-1.0699999,-0.5637388,-1.0699999,-0.6262572
-0.2800002,-0.011597633,-0.2800002,-0.15270329,-0.2800002,-0.3835287,-0.2800002,-0.091085434
1.2400002,2.170477,1.2400002,1.6459951,1.2400002,0.6208563,1.2400002,-0.08435631
3.13,2.238958,3.13,2.0826015,3.13,1.5170922,3.13,1.5468388
-3.13,-2.7095923,-3.13,-2.0459788,-3.13,-1.9484875,-3.13,-1.0272582
2.06,2.1326265,2.06,2.8832874,2.06,2.1069946,2.06,0.45232582
-3.13,0.18135118,-3.13,0.223485,-3.13,-1.3624105,-3.13,-0.032857895
-0.6299999,-0.7544038,-0.6299999,-0.085886,-0.6299999,-0.5650382,-0.6299999,0.005113602
0.3499999,-0.8083861,0.3499999,0.11574936,0.3499999,-1.0588665,0.3499999,0.96476936
1.8100004,1.798624,1.8100004,1.9593725,1.8100004,1.8784661,1.8100004,0.13461494
-3.13,-2.7199376,-3.13,-2.4686418,-3.13,-2.5374033,-3.13,-1.0878203
0,1.5842471,0,1.2919779,0,1.84414,0,1.9314976
2.48,2.0088425,2.48,2.0767589,2.48,2.328012,2.48,0.26514626
1.3000002,-0.32067966,1.3000002,-1.0077872,1.3000002,-0.1403637,1.3000002,0.4177189
-2.3,-2.5572865,-2.3,-2.0102315,-2.3,-1.8751585,-2.3,-0.944998
-2.3,-2.2005367,-2.3,-1.4873645,-2.3,-2.7146363,-2.3,0.42904854
0.17999983,-0.1574359,0.17999983,0.27222013,0.17999983,-0.11614132,0.17999983,0.53692055
-0.70000005,-0.9350951,-0.70000005,-0.47514105,-0.70000005,-0.8528755,-0.70000005,0.36622047
3.13,2.3271546,3.13,2.4833384,3.13,3.4913473,3.13,0.9596882
0,-0.08498573,0,-0.25384855,0,0.14376259,0,-0.56802964
1.1000004,1.5565081,1.1000004,1.1982441,1.1000004,1.7421923,1.1000004,0.5819645
-2.3,-2.2562346,-2.3,-2.0741062,-2.3,-2.1846232,-2.3,0.002985001
1.5100002,1.3597388,1.5100002,0.9997201,1.5100002,1.6370883,1.5100002,0.06299782
1.6300001,1.3573208,1.6300001,1.5794544,1.6300001,1.4475164,1.6300001,0.56109047
0.6500001,0.34326935,0.6500001,1.4107094,0.6500001,-0.13161469,0.6500001,0.9627094
2.17,0.4121108,2.17,0.81413984,2.17,0.5669174,2.17,0.043771744
3.13,-0.091411114,3.13,-0.31370735,3.13,-0.8141084,3.13,0.5900669
-0.8399999,-1.7132068,-0.8399999,-1.6692865,-0.8399999,-0.5528414,-0.8399999,-1.6580107
-2.1699998,-2.8701148,-2.1699998,2.7043114,-2.1699998,2.177609,-2.1699998,0.87859535
-0.3800001,2.028551,-0.3800001,0.34718895,-0.3800001,2.5175753,-0.3800001,0.7236881
-0.1500001,-0.61728215,-0.1500001,-0.8572905,-0.1500001,0.4585557,-0.1500001,0.31472206
1.2700005,0.8324928,1.2700005,0.6118603,1.2700005,1.5574765,1.2700005,0.39945412
1.77,2.24724,1.77,1.6966801,1.77,1.9596529,1.77,2.9291935
-0.09000015,-0.9858,-0.09000015,-1.4299157,-0.09000015,-0.7321074,-0.09000015,0.91155434
2.7200003,3.0213976,2.7200003,2.362164,2.7200003,2.5313888,2.7200003,-0.097127914
-1.1800001,-2.1738973,-1.1800001,-1.5584855,-1.1800001,-2.5662756,-1.1800001,-0.79654527
1.8400002,1.6723576,1.8400002,1.8483086,1.8400002,1.825366,1.8400002,1.5033054
1.1700001,1.4246335,1.1700001,1.7469273,1.1700001,2.633749,1.1700001,1.1117802
0.73,-1.3986139,0.73,-0.7235048,0.73,-0.16701365,0.73,1.1781788
-1.1500001,-1.986548,-1.1500001,-1.7229791,-1.1500001,-1.950463,-1.1500001,-0.07515526
0.73,-0.111148834,0.73,-0.7081919,0.73,-1.6155615,0.73,0.12184334
2.7200003,2.1264215,2.7200003,1.0771093,2.7200003,2.10532,2.7200003,0.39245033
0.4500003,-0.086854935,0.4500003,0.70086336,0.4500003,0.6324744,0.4500003,0.7368717
0.77999973,-0.6635704,0.77999973,-0.8849845,0.77999973,0.5915966,0.77999973,-0.25258446
1.0500002,1.5319147,1.0500002,1.0725021,1.0500002,1.4231339,1.0500002,1.1712437
-0.58000016,-0.3196535,-0.58000016,-0.89849424,-0.58000016,-1.8876877,-0.58000016,0.48885536
-2.72,-0.6987109,-2.72,0.53568316,-2.72,-0.44366693,-2.72,0.47731972
1.6300001,1.6787138,1.6300001,0.9539366,1.6300001,1.6342487,1.6300001,-0.33031273
0.3699999,-0.09253979,0.3699999,-0.09436703,0.3699999,-0.48309278,0.3699999,0.16695595
-3.55,-3.3229623,-3.55,-2.8517256,-3.55,-3.9921844,-3.55,-0.49332237
-2.1699998,-0.5377631,-2.1699998,-0.7774043,-2.1699998,-0.44417572,-2.1699998,0.6026325
-2.69,-1.876512,-2.69,-1.2860434,-2.69,-0.6918354,-2.69,-1.0329573
3.13,-1.1125984,3.13,0.7395334,3.13,-1.325983,3.13,-0.08483696
1.3699999,1.0729303,1.3699999,1.2743044,1.3699999,0.9022403,1.3699999,0.37418556
-2.48,-1.1615028,-2.48,-0.29623127,-2.48,-1.6589015,-2.48,-1.0286314
1.56,1.4243555,1.56,1.8840046,1.56,1.5108476,1.56,0.792078
0.03999996,0.09097099,0.03999996,0.40834856,0.03999996,-0.4946561,0.03999996,0.08895302
1.6500001,1.906888,1.6500001,1.2717447,1.6500001,2.1575742,1.6500001,0.37240028
3.13,2.325467,3.13,2.7601395,3.13,2.1035795,3.13,0.5457096
-0.58000016,-1.0914009,-0.58000016,-0.5854931,-0.58000016,-1.274605,-0.58000016,1.0568485
0.059999943,0.75488806,0.059999943,0.8201537,0.059999943,1.4619265,0.059999943,-0.010473251
1.8800001,-1.1855869,1.8800001,-1.7982495,1.8800001,-1.3663981,1.8800001,-0.46393394
-2.72,-2.791376,-2.72,-2.3299272,-2.72,-2.2485092,-2.72,-0.4812374
2.7200003,-2.4484625,2.7200003,-1.6152279,2.7200003,-1.9163985,2.7200003,-1.290518
1.9900002,1.1647058,1.9900002,1.0822053,1.9900002,1.1978817,1.9900002,1.2469807
1.4499998,0.61750126,1.4499998,0.16818571,1.4499998,1.3054943,1.4499998,-0.093969345
2.1100001,1.7878771,2.1100001,1.7358451,2.1100001,2.1439495,2.1100001,0.40700722
-0.56999993,-0.55436707,-0.56999993,-1.1140146,-0.56999993,-0.830394,-0.56999993,-0.8071196
-1.8800001,-1.4096861,-1.8800001,-1.2551646,-1.8800001,-1.2712388,-1.8800001,0.37830544
-0.8599999,-0.85103893,-0.8599999,-1.7088108,-0.8599999,-1.4962113,-0.8599999,-0.7372191
2.04,-0.32742834,2.04,1.13449,2.04,-0.30921698,2.04,-1.3376219
2.13,1.7256784,2.13,1.7050986,2.13,2.0422487,2.13,1.0010242
0.14999962,2.333076,0.14999962,2.3407817,0.14999962,2.4632192,0.14999962,0.8064289
-0.48999977,-1.8012395,-0.48999977,-1.9064274,-0.48999977,-2.6247656,-0.48999977,-0.9829695
3.27,2.7215176,3.27,2.1643615,3.27,2.695891,3.27,1.8875523
0.17999983,-0.24991369,0.17999983,-0.033563137,0.17999983,0.54217386,0.17999983,0.055582047
-2.3,-2.4458783,-2.3,-2.065394,-2.3,-2.3853369,-2.3,-1.593878
1.5300002,-0.8590541,1.5300002,-0.89806795,1.5300002,-0.86775255,1.5300002,0.10749245
0.8200002,1.044002,0.8200002,0.97315264,0.8200002,1.1354704,0.8200002,1.2011814
-1.81,-2.2307205,-1.81,-2.3622873,-1.81,-2.4799745,-1.81,-1.2058547
2.17,2.0751705,2.17,2.1254754,2.17,2.2808614,2.17,0.52799416
3.13,2.8988805,3.13,2.2759204,3.13,2.9753585,3.13,0.88752174
-2.48,-2.521439,-2.48,-2.146829,-2.48,-2.1291895,-2.48,-1.5978606
2.7200003,1.3351631,2.7200003,1.2937016,2.7200003,1.1848187,2.7200003,0.60022926
0.19999981,0.25646257,0.19999981,-0.8006902,0.19999981,0.39378595,0.19999981,0.27654457
-1.1399999,-0.116387844,-1.1399999,1.1480322,-1.1399999,1.0368767,-1.1399999,-0.32674217
-2.73,-3.4135206,-2.73,-3.2726033,-2.73,-3.6090736,-2.73,-1.0025389
-2.71,-0.8507614,-2.71,0.7903991,-2.71,1.1630516,-2.71,0.022485733
-2.48,-1.3911331,-2.48,-2.1422951,-2.48,-1.280685,-2.48,-0.72513413
0,1.3682065,0,1.5278964,0,1.9550514,0,1.3828678
3.13,2.6435065,3.13,2.3966336,3.13,2.569995,3.13,2.283884
-1.0999999,-1.9763293,-1.0999999,-1.7483006,-1.0999999,-2.222242,-1.0999999,-1.4321043
-1.81,-1.8799427,-1.81,-1.7691994,-1.81,-2.6267633,-1.81,-1.5427916
0.48000002,0.5066757,0.48000002,-0.6514461,0.48000002,-0.015402317,0.48000002,-0.8943236
-0.9100001,-0.3622818,-0.9100001,-0.08094406,-0.9100001,0.7950187,-0.9100001,-0.33237267
-1,-1.8988404,-1,-1.0147576,-1,-0.6918278,-1,-1.2933333
-2.3,-1.2861629,-2.3,-1.8970504,-2.3,-0.77778625,-2.3,0.8400059
-2.21,-2.3300636,-2.21,-1.8353498,-2.21,-1.6071968,-2.21,0.17114449
-3.44,-2.907829,-3.44,-2.5541248,-3.44,-2.678288,-3.44,-1.8115447
-2.35,-2.2002292,-2.35,-1.6523051,-2.35,-2.0078351,-2.35,-2.0160277
2.17,2.8201995,2.17,1.5177937,2.17,0.027040005,2.17,0.88807106
-1.6099999,-1.5306578,-1.6099999,-1.3374438,-1.6099999,-1.4224992,-1.6099999,-0.87811875
2.48,2.2191715,2.48,0.8352971,2.48,0.7185273,2.48,0.39574623
0.77,0.4853449,0.77,-0.5098505,0.77,0.84654284,0.77,-0.08655357
1.1799998,-1.0345697,1.1799998,-1.2766063,1.1799998,-0.29410362,1.1799998,-0.6241286
2.48,2.8272414,2.48,2.1636634,2.48,2.4148974,2.48,0.65097237
-1.6800001,-2.4374545,-1.6800001,-0.54949903,-1.6800001,2.1059198,-1.6800001,0.598032
-0.6200001,-0.6445687,-0.6200001,-0.48702192,-0.6200001,-0.44987917,-0.6200001,0.35399818
0.28999996,-0.29679108,0.28999996,-0.10215473,0.28999996,-0.1799326,0.28999996,0.53884315
1.4899998,0.5601263,1.4899998,-0.74229574,1.4899998,0.48939896,1.4899998,-0.76695085
-0.32999992,-0.35309744,-0.32999992,-1.8517308,-0.32999992,0.38937807,-0.32999992,-1.0223143
-0.53,-1.121397,-0.53,-0.46258974,-0.53,-0.76497984,-0.53,-0.3563366
-0.5899999,-0.55505633,-0.5899999,-0.636055,-0.5899999,-0.93478036,-0.5899999,0.019601822
-2.35,-1.9887109,-2.35,-1.7748742,-2.35,-1.9861369,-2.35,-0.011434555
-0.6500001,-0.30055904,-0.6500001,0.14205074,-0.6500001,0.045365334,-0.6500001,-0.2220974
2.42,1.481411,2.42,1.6188698,2.42,2.67982,2.42,1.05163
1.4000001,0.9155512,1.4000001,2.2266064,1.4000001,0.66115856,1.4000001,0.68125343
0.88999987,0.91626024,0.88999987,0.85282516,0.88999987,-0.42662144,0.88999987,0.09375954
1.5799999,-0.42703772,1.5799999,-1.0893414,1.5799999,-1.8149447,1.5799999,-0.77704453
2.17,2.1774197,2.17,2.347714,2.17,2.53934,2.17,-1.2420409
2.27,1.0601029,2.27,0.93541193,2.27,0.94072914,2.27,0.43158913
2.3000002,1.0461845,2.3000002,-0.180017,2.3000002,0.56422997,2.3000002,0.41353035
-2.04,-2.4176044,-2.04,-1.9751649,-2.04,-2.0782692,-2.04,-1.8042662
-2.72,-2.6793125,-2.72,-2.8533773,-2.72,-2.7524998,-2.72,-1.1768782
0.25,0.43262815,0.25,0.92507315,0.25,0.5861101,0.25,-0.05331993
-0.72,-0.5117693,-0.72,-1.7623973,-0.72,-0.22831917,-0.72,-1.1986449
-2.1699998,-2.5359492,-2.1699998,-0.78954005,-2.1699998,-1.4298024,-2.1699998,0.48679543
1.0299997,1.303009,1.0299997,1.4620342,1.0299997,-0.37423992,1.0299997,0.13015175
2.3000002,1.9851003,2.3000002,1.0010986,2.3000002,2.586729,2.3000002,0.98900795
3.13,3.05124,3.13,2.9096427,3.13,3.0255222,3.13,1.905405
-1.74,0.598825,-1.74,0.653759,-1.74,0.5667639,-1.74,0.16880989
1.5300002,1.4312544,1.5300002,1.7040868,1.5300002,0.9369626,1.5300002,0.24344826
0,0.8858571,0,1.1679525,0,0.97514105,0,0.79084206
0.48000002,1.6355639,0.48000002,1.9937139,0.48000002,1.1274996,0.48000002,-0.20506859
1.4499998,0.49744081,1.4499998,0.5263691,1.4499998,1.1583595,1.4499998,-0.02599144
1.1000004,0.69050217,1.1000004,-0.8981943,1.1000004,0.17035818,1.1000004,0.8281956
2.06,1.1552496,2.06,-0.076954365,2.06,1.0143247,2.06,0.23369789
-2.8600001,-2.7348554,-2.8600001,-2.647909,-2.8600001,0.09882927,-2.8600001,-1.788748
1.3000002,0.5440073,1.3000002,1.5559788,1.3000002,0.267807,1.3000002,0.8873844
-0.010000229,-0.27162266,-0.010000229,-0.47712803,-0.010000229,0.24871731,-0.010000229,-0.5276549
1.0899997,2.230877,1.0899997,0.25971222,1.0899997,0.6783385,1.0899997,0.21069527
-2.3,-2.4633434,-2.3,-2.1105328,-2.3,-2.4425516,-2.3,-1.2539885
-2.1699998,-2.2012517,-2.1699998,-1.851109,-2.1699998,-1.712136,-2.1699998,-1.4139769
1.3699999,0.9395757,1.3699999,-0.9095106,1.3699999,-0.25545788,1.3699999,1.2219181
-0.17000008,-0.55027795,-0.17000008,-0.68127346,-0.17000008,-0.6609237,-0.17000008,0.003671646
1.2400002,1.1683197,1.2400002,0.34816933,1.2400002,1.3077612,1.2400002,-0.0543499
1.2700005,1.2163601,1.2700005,1.3715286,1.2700005,1.0163636,1.2700005,0.5889683
-2.3,-2.0806983,-2.3,-2.2293515,-2.3,-2.1567326,-2.3,-0.092321396
0.9200001,0.93392086,0.9200001,0.8342962,0.9200001,0.93332386,0.9200001,0.5253849
-2.48,-2.0490086,-2.48,-0.9277828,-2.48,-1.5375597,-2.48,-0.7825377
1.2099996,-1.361212,1.2099996,-1.2866743,1.2099996,-1.0165722,1.2099996,-0.14697838
-3.4,-3.0243182,-3.4,-2.8398428,-3.4,-2.175709,-3.4,-2.4473784
2.54,2.1159248,2.54,2.4746408,2.54,2.3649716,2.54,0.015481949
0,-1.2077157,0,-1.865468,0,-0.6103678,0,-1.3050749
2.46,2.4581065,2.46,3.3401875,2.46,2.6175408,2.46,0.39437294
-0.70000005,-0.3082881,-0.70000005,-1.0329936,-0.70000005,-0.7505846,-0.70000005,-0.6905272
-0.5,-2.0323143,-0.5,-1.7225041,-0.5,-2.7749436,-0.5,-1.366873
-0.03999996,-1.3658919,-0.03999996,-1.2452447,-0.03999996,-1.7679646,-0.03999996,-0.41531944
-1.8800001,-2.165287,-1.8800001,-1.8521366,-1.8800001,-2.2481937,-1.8800001,-1.3458617
3.0299997,2.8628063,3.0299997,2.579514,3.0299997,2.8682098,3.0299997,1.6961155
1.3600001,1.2604675,1.3600001,0.07492638,1.3600001,0.43952703,1.3600001,0.3106022
-3.13,-3.2776787,-3.13,-2.7338128,-3.13,-2.847396,-3.13,-1.2181456
-1.1500001,-0.82835174,-1.1500001,-0.91735005,-1.1500001,-0.9128604,-1.1500001,-1.077452
4.05,2.4204798,4.05,1.1487441,4.05,-0.2802453,4.05,0.39952278
-2.0600002,-1.0787671,-2.0600002,-1.4068923,-2.0600002,-0.6083803,-2.0600002,0.27407265
-1.3,-0.9555681,-1.3,-1.0535688,-1.3,-1.3648317,-1.3,0.036355972
-2.0600002,-3.0464234,-2.0600002,-2.3611145,-2.0600002,-2.9525056,-2.0600002,-0.28320885
-1.74,-1.0213826,-1.74,-1.4731758,-1.74,-1.5728819,-1.74,-1.141928
-1.5,-1.8133898,-1.5,-2.127805,-1.5,-1.6977913,-1.5,-1.3823912
-3.08,-2.3209262,-3.08,-1.7736928,-3.08,-1.3373234,-3.08,0.32728767
-2.31,-2.7956371,-2.31,-3.0624993,-2.31,-2.6401577,-2.31,-1.0385191
-1.1500001,-0.2459259,-1.1500001,-0.66164374,-1.1500001,0.25492287,-1.1500001,0.8213978
-0.9200001,-1.4811211,-0.9200001,-0.68711257,-0.9200001,-0.6927998,-0.9200001,-0.38023186
1.2400002,0.8494148,1.2400002,1.1608973,1.2400002,0.3122697,1.2400002,1.8784885
-2.3,-2.4875252,-2.3,-1.4661741,-2.3,-2.474739,-2.3,-1.2679961
-1.3299999,-0.4417181,-1.3299999,-0.953974,-1.3299999,-0.5899911,-1.3299999,0.2776432
2.56,1.8391232,2.56,2.1397662,2.56,2.3833609,2.56,1.5662022
-1.6299999,-1.3468764,-1.6299999,-1.372035,-1.6299999,-1.5995209,-1.6299999,-1.347647
0.8800001,0.87528896,0.8800001,0.9860616,0.8800001,1.1022811,0.8800001,0.7684574
0.05000019,0.10805416,0.05000019,-0.22178364,0.05000019,-0.08862543,0.05000019,-0.040136337
0.94000006,1.2686424,0.94000006,-0.1833973,0.94000006,1.2426853,0.94000006,-0.7339232
2.06,2.0778227,2.06,1.7883158,2.06,0.55520344,2.06,1.0415363
1.3699999,1.4652629,1.3699999,0.32481766,1.3699999,1.2505722,1.3699999,0.013422012
-4.5,-1.6361954,-4.5,-1.3438196,-4.5,-0.005012989,-4.5,0.109277725
-3.13,-3.33392,-3.13,-2.2892337,-3.13,-2.5973067,-3.13,0.41414833
-2.1699998,-1.803479,-2.1699998,-1.7031763,-2.1699998,-2.0460389,-2.1699998,-2.0477507
-2.1699998,-0.71217155,-2.1699998,-0.19584513,-2.1699998,-1.0364537,-2.1699998,0.1480732
-1.53,2.959083,-1.53,3.6069002,-1.53,2.5877557,-1.53,1.1557255
0,-0.57025814,0,0.35955906,0,-0.25597858,0,-0.44553185
2.48,1.8419752,2.48,1.4603014,2.48,2.172442,2.48,0.6892185
1.7399998,1.7330551,1.7399998,-0.009725571,1.7399998,2.1103654,1.7399998,1.462244
0.47000027,0.518847,0.47000027,0.4303627,0.47000027,0.5008292,0.47000027,0.14841652
0.3699999,1.8825016,0.3699999,2.0534105,0.3699999,1.5687289,0.3699999,0.73721504
-0.01999998,-0.37699032,-0.01999998,-1.0110817,-0.01999998,0.3255415,-0.01999998,-0.5361006
2.7200003,2.4585137,2.7200003,2.803124,2.7200003,2.1172905,2.7200003,0.8244877
0.119999886,-0.2563219,0.119999886,0.27714586,0.119999886,-1.03209,0.119999886,0.6786442
-2.15,-2.325385,-2.15,-1.7631905,-2.15,-1.0314326,-2.15,-0.008962631
-2.72,-2.5090625,-2.72,-2.4477804,-2.72,-3.0572412,-2.72,0.8093815
2.9,2.6860976,2.9,3.1281257,2.9,2.9764605,2.9,0.24990273
3.13,0.839416,3.13,1.8606682,3.13,2.0236688,3.13,0.51872444
1.3299999,1.041956,1.3299999,0.30155087,1.3299999,-1.0735152,1.3299999,0.5079441
2.06,1.4255152,2.06,1.9985251,2.06,1.9295931,2.06,0.38201332
-2.33,-2.2430048,-2.33,-1.5564551,-2.33,-2.3890202,-2.33,-1.3372099
-1.81,0.45905733,-1.81,2.0508046,-1.81,2.3468528,-1.81,0.6830387
2.7200003,4.205332,2.7200003,4.1528673,2.7200003,3.3039107,2.7200003,0.7131138
0.23999977,1.5863843,0.23999977,0.98558855,0.23999977,1.2469015,0.23999977,1.4174747
-0.1500001,-1.3099728,-0.1500001,-2.0363798,-0.1500001,0.04324007,-0.1500001,-0.05709648
0.4500003,0.27058983,0.4500003,0.3064227,0.4500003,0.18377304,0.4500003,0.05365944
-2.0600002,-1.1962433,-2.0600002,-1.6953185,-2.0600002,-2.2695053,-2.0600002,0.46969795
0,0.14382553,0,-0.10614014,0,-0.23827648,0,0.22339821
1.8800001,1.4094019,1.8800001,1.1204066,1.8800001,-1.6491313,1.8800001,0.30524635
0.7199998,1.0253372,0.7199998,1.6019125,0.7199998,1.234364,0.7199998,0.09513283
-2.72,-2.3583975,-2.72,-2.591621,-2.72,-2.5562067,-2.72,-1.6544402
0,-0.5451498,0,-0.35788345,0,-1.3222518,0,-0.16428185
-1.19,-2.506535,-1.19,-1.330498,-1.19,-1.7096341,-1.19,0.48487282
1.4899998,0.018753052,1.4899998,0.47295666,1.4899998,0.25147724,1.4899998,-0.5165999
1.3299999,-1.3696513,1.3299999,-0.7093077,1.3299999,-0.13440943,1.3299999,-0.33621788
0.46000004,0.32876396,0.46000004,-0.7234676,0.46000004,0.3574934,0.46000004,0.74511147
0.7000003,0.49969006,0.7000003,-0.08208561,0.7000003,-0.57996726,0.7000003,-0.98969865
-1.24,-1.3046703,-1.24,-0.96468925,-1.24,-1.5364704,-1.24,0.07013893
-0.9200001,-0.91636324,-0.9200001,-1.1650021,-0.9200001,-1.8476799,-0.9200001,-0.6697905
-2.48,-1.6373594,-2.48,-1.938679,-2.48,-1.2900441,-2.48,-0.57228684
-3.1999998,-2.664878,-3.1999998,-2.293522,-3.1999998,-0.7140565,-3.1999998,-0.72897935
-2.48,-2.3854315,-2.48,-2.4589083,-2.48,-2.3033524,-2.48,-3.343588
-3.1999998,-2.7515168,-3.1999998,-2.9643807,-3.1999998,-2.3530865,-3.1999998,-0.503073
0.73,0.73675776,0.73,1.2485776,0.73,1.0271878,0.73,0.93208504
1.6799998,0.96710634,1.6799998,0.7887144,1.6799998,0.78295755,1.6799998,0.4432621
-2.72,-2.6622236,-2.72,-2.362227,-2.72,-2.533265,-2.72,0.608881
0.17000008,-1.5082259,0.17000008,-0.9873102,0.17000008,0.3758211,0.17000008,0.32282448
1.3699999,2.0409575,1.3699999,1.6486688,1.3699999,1.8182502,1.3699999,0.007928848
1.1999998,1.4587975,1.1999998,1.6409197,1.1999998,0.45247698,1.1999998,0.32701302
-3.13,1.7204351,-3.13,2.3078103,-3.13,0.7114172,-3.13,0.80539894
-0.9599998,-1.1036897,-0.9599998,-1.355561,-0.9599998,-0.77904487,-0.9599998,-0.20767784
-1.1800001,-0.43912268,-1.1800001,-0.1899538,-1.1800001,-0.78972435,-1.1800001,-0.55985856
-2.72,-2.538475,-2.72,-2.38631,-2.72,-2.333159,-2.72,-1.0599425
-1.78,-0.80536366,-1.78,-0.5819671,-1.78,-0.38031387,-1.78,-1.6784728
